"1","西城“社区学习中心”辅教项目","3471640","","1176998400","1183219199","1177084800","1180627199","0","","","1","","1","","2","237","0","0","西城区图书馆，北京市西直门南小街后广平胡同20号，可乘地铁、44、7、387、845等公交线路西直门站下车。","116.37010850291","39.94187685725","wx4g0p4nk1d01v7n8d3","开学期间每周六上午9：30至11：30","为志愿者提供服务认证","在“社区学习中心”学习的进京务工青年","","0","0.0","0","0","","","0","0","0","1985","21","0","1176998400","1176998400","1","0","0","0","0","0","0","","0","0","0","0","0","0","0","0","0","0","0","0","0","0","0","0","0","0","0","0","0","0","0","0"
"2","宋庄镇奥运志愿服务宣讲团","3471648","","1176998400","1183219199","1177084800","1180627199","0","","","1","","1","","2","2251","0","0","各村村委会活动站","116.74007918068","39.809814883851","wx542rpscp25y443kekm","每月的第二周、第四周的星期五上午8：30―11：30","1．提供餐饮保障；2．提供统一的标识。","全镇47个行政村的团员，35岁以下的青年","","0","0.0","0","0","","","0","0","0","890","21","0","1176998400","1176998400","1","0","0","0","0","0","0","","0","0","0","0","0","0","0","0","0","0","0","0","0","0","0","0","0","0","0","0","0","0","0","0"
"3","仁和镇河南村计算机培训志愿者服务队","3471647","","1176998400","1183219199","1177084800","1180627199","0","","","1","","1","","2","2360","0","0","顺义区仁和镇河南村","116.70759240588","40.107724246179","wx4uptrukj8q3kjyhsg4","每周六、日下午4：00-6：00","为志愿者提供服务认证","仁和镇河南村居民","","0","0.0","0","0","","","0","0","0","778","21","0","1176998400","1176998400","1","0","0","0","0","0","0","","0","0","0","0","0","0","0","0","0","0","0","0","0","0","0","0","0","0","0","0","0","0","0","0"
"1635041","普及金融知识宣传活动","66842680","","1529424000","1529856000","1529424000","1529856000","0","","","1","","1","","7053","7157","7158","0","临沂大学、华星机械厂、茶叶市场","116.5443764014","37.905990731562","wwdzsh942ucd7u5y7wt7","2018年6月23上午9：00","集中乘车,餐饮或食物,提供饮水,志愿服务工具,其他","其他","走访临沂大学，茶叶市场，华星机械厂张挂条幅，发放宣传折页，现场讲解金融知识。","","0.0","0","1","","","0","0","0","0","20","10","1529480694","0","20","0","0","0","0","500","[{""money_id"":""0"",""money_from"":""2"",""money_sum"":""500""}]","","0","0","0","0","0","0","0","0","0","0","0","0","0","0","0","0","0","0","0","0","0","0","0","0"
"1635042","义诊志愿服务活动","16048554","","1514736000","1546185600","1514736000","1546185600","0","","","1","","1","","8997","9656","9671","9676","邯郸县丛台北路","114.540461","36.626691","ww92q7tvfnjf","全天候志愿服务","其他","儿童,其他","每天在医院内组织医院职工开展文明引导、敬老助残、秩序维护等便民服务，设立20人的志愿队伍，全天候，轮流上岗开展志愿服务。","","0.0","0","1","","","0","0","0","0","21","0","1529480696","0","3","0","0","0","0","0","[{""money_id"":""1"",""money_from"":"""",""money_sum"":""""}]","","0","0","0","0","0","0","0","0","0","0","0","0","0","0","0","0","0","0","0","0","0","0","0","0"
"1635043","社区劝导队","3473455","","1527782400","1546185600","1527782400","1530288000","0","","","0","","0","","2","916","1037","11821","北京市丰台区大瓦窑北路2号院","116.2567150175","39.873495618278","wx4dv6xxcy3dpyhec6yq","每月不定时的为辖区居民服务。","志愿服务工具","其他","<p><span style=""font-size:15.0pt""><span style=""font-family:仿宋"">&nbsp; &nbsp; 为维护好社区居民的生活环境，确保社区环境秩序工作治理的良好，由社区党委，居委会，服务站结合社区实际情况成立了社区劝导队，对本社区不文明行为开展劝导活动，取得了较好的成效。我社区对文明劝导活动进行了细致的部署，成立了由社区党委书记、社区居委会主任为社区劝导队队长。劝导队由社区干部、社区协管员、社区党员、志愿者共计60余名成员组成。要求队员上岗时统一佩戴环境秩序劝导队员袖标，工作中做到文明劝导，耐心说服，避免发生冲突。</span></span></p><p><span style=""line-height:22.5pt""><span style=""font-size:15pt""><span style=""font-family:仿宋"">&nbsp; &nbsp;文明劝导队的工作活动得到了广大居民群众的一致认可，有些原来对社区有意见的居民群众也能主动地向劝导队人员反映他们的心声，并提出了他们对社区内存在的问题，看法、意见或建议。劝导队与居民群众的关系，与各有关部门的关系，通过不断接触，沟通更加接近了，更加融洽了，劝导队对自己的定位是：一要以身作则，二要带头，三是以第三方的身份做好沟通、宣传、劝导工作。</span></span></span></p><p><span style=""font-size:15pt""><span style=""font-family:仿宋"">&nbsp; &nbsp; 我们的队员一致表示，一定要再接再厉把常态管理与长效管理有机地结合起来，使文明行为不断得到发扬光大。</span></span><span style=""font-size:15.0pt""><span style=""font-family:仿宋"">将劝导队作为社区一支固定的志愿服务队伍在社区建设中发挥作用，随时劝说居民遵纪守法、维护环境、邻里互助。</span></span></p><p><br></p>","","0.0","0","0","","","0","0","0","0","40","0","1529480706","0","1","0","0","0","0","0","[{""money_id"":""0"",""money_from"":""7"",""money_sum"":""""}]","","0","0","0","0","0","0","0","0","0","0","0","0","0","0","0","0","0","0","0","0","0","0","0","0"
"1635045","民主法制宣传","50291953","","1435161600","1435161600","1435161600","1435161600","0","","","1","","1","","7209","7327","7331","0","方城县杨集乡小河里村","113.00425385325","33.34337041178","wtbmemzpjyybj8g21y5","2015年6月25日","集中乘车","其他","县纪委监察局在杨集乡小河里村开展“思想道德民主法制万家”活动。","","180.0","0","2","50291953","","0","0","0","0","20","10","1529480716","0","21","0","60","0","0","0","[{""money_id"":""0"",""money_from"":"""",""money_sum"":""""}]","","0","0","0","0","0","0","0","0","0","0","0","0","0","0","0","0","0","0","0","0","0","0","0","0"
"1635046","健康讲座","45464019","","1528041600","1528300800","1528041600","1528300800","0","","","1","","1","","7385","7386","7387","0","江岸区","114.374734","30.692666","wt3qdemjsrwu","2018年6月7日 上午","其他","其他","为了老年人身体健康，传播、普及健康知识，倡导文明健康的生活方式，日前，天兴花园社区邀请养生专家、谌家矶卫生服务中心医生在社区开办健康讲座，为社区老年人送去一堂老年痛风的中医药保健和预防健康知识讲座，吸引了六十多名社区居民前来参与。讲座结束后，谌家矶医院的医生还为老年人进行了血压，血脂的测量此次活动得到居民的大力支持，希望社区多举行此类活动。<br>","","66.0","0","0","","","0","0","0","0","21","0","1529480718","0","22","0","65","0","0","0","[{""money_id"":""0"",""money_from"":"""",""money_sum"":""""}]","","0","0","0","0","0","0","0","0","0","0","0","0","0","0","0","0","0","0","0","0","0","0","0","0"
"1635047","创建文明城市志愿服务活动","35091968","","1529337600","1529337600","1529337600","1529337600","0","","","1","","1","","8356","8357","8364","0","晋宁区昆阳街道","102.60843269408","24.669985225585","wk2uqgj1jf8f4ds2tsn4","2018年6月19日上午10：00-12:00；下午14:00-16:00入社区开展创文宣传。","提供饮水,志愿服务工具,其他","其他","响应创文号召，入社区宣传创文知识。","","20.0","0","2","35091968","","0","0","0","0","21","0","1529480718","0","28","0","5","0","0","0","[{""money_id"":""0"",""money_from"":""7"",""money_sum"":""0""}]","","0","0","0","0","0","0","0","0","0","0","0","0","0","0","0","0","0","0","0","0","0","0","0","0"
"1635048","点岱沟村集中开展坏境卫生大扫除活动","22770621","","1529251200","1545235200","1529251200","1545235200","0","","","1","","1","","6048","6095","0","0","薛家湾","110.75668780886","37.189305326233","wqwg864e3uupqv5nddev","48小时","志愿服务工具,其他","其他","集中开站村级环境卫生整治活动","","480.0","0","4","","","0","0","0","0","21","0","1529630008","0","12","0","20","0","0","100","[{""money_id"":""1"",""money_from"":""6"",""money_sum"":""100""}]","","0","0","0","0","0","0","0","0","0","0","0","0","0","0","0","0","0","0","0","0","0","0","0","0"
"1635049","当好东道主，助力旅发会，卫生大清洗","24672325","","1528646400","1528905600","1528732800","1528732800","0","","","0","","0","","5917","6016","6017","0","市委大院","117.29049078347","31.872905777484","wtemm4234s2bf3zkvg4t","2018年6月13日","志愿服务工具","其他","2018年6月13日上午管理局志愿者对市委大院进行卫生清扫活动","","102.0","0","2","24672325","","0","0","0","0","21","0","1529480719","0","11","0","51","0","0","0","[{""money_id"":""0"",""money_from"":"""",""money_sum"":""""}]","","0","0","0","0","0","0","0","0","0","0","0","0","0","0","0","0","0","0","0","0","0","0","0","0"
"1635050","社区劝导队","3473455","","1527782400","1546185600","1527782400","1530288000","0","","","0","","0","","2","916","1037","11821","北京市丰台区大瓦窑北路2号院","116.2567150175","39.873495618278","wx4dv6xxcy3dpyhec6yq","每月不定时的为辖区居民服务。","志愿服务工具","其他","<p><span style=""font-size:15.0pt""><span style=""font-family:仿宋"">&nbsp; &nbsp; 为维护好社区居民的生活环境，确保社区环境秩序工作治理的良好，由社区党委，居委会，服务站结合社区实际情况成立了社区劝导队，对本社区不文明行为开展劝导活动，取得了较好的成效。我社区对文明劝导活动进行了细致的部署，成立了由社区党委书记、社区居委会主任为社区劝导队队长。劝导队由社区干部、社区协管员、社区党员、志愿者共计60余名成员组成。要求队员上岗时统一佩戴环境秩序劝导队员袖标，工作中做到文明劝导，耐心说服，避免发生冲突。</span></span></p><p><span style=""line-height:22.5pt""><span style=""font-size:15pt""><span style=""font-family:仿宋"">&nbsp; &nbsp;文明劝导队的工作活动得到了广大居民群众的一致认可，有些原来对社区有意见的居民群众也能主动地向劝导队人员反映他们的心声，并提出了他们对社区内存在的问题，看法、意见或建议。劝导队与居民群众的关系，与各有关部门的关系，通过不断接触，沟通更加接近了，更加融洽了，劝导队对自己的定位是：一要以身作则，二要带头，三是以第三方的身份做好沟通、宣传、劝导工作。</span></span></span></p><p><span style=""font-size:15pt""><span style=""font-family:仿宋"">&nbsp; &nbsp; 我们的队员一致表示，一定要再接再厉把常态管理与长效管理有机地结合起来，使文明行为不断得到发扬光大。</span></span><span style=""font-size:15.0pt""><span style=""font-family:仿宋"">将劝导队作为社区一支固定的志愿服务队伍在社区建设中发挥作用，随时劝说居民遵纪守法、维护环境、邻里互助。</span></span></p><p><br></p>","","0.0","0","0","","","0","0","0","0","40","40","1529480719","0","1","0","0","0","0","0","[{""money_id"":""0"",""money_from"":""7"",""money_sum"":""""}]","","0","0","0","0","0","0","0","0","0","0","0","0","0","0","0","0","0","0","0","0","0","0","0","0"
"1635052","义诊志愿服务活动","16048554","","1514736000","1546185600","1514736000","1546185600","0","","","1","","1","","8997","9656","9671","9676","邯郸县丛台北路","114.540461","36.626691","ww92q7tvfnjf","全天候志愿服务","其他","儿童,其他","每天在医院内组织医院职工开展文明引导、敬老助残、秩序维护等便民服务，设立20人的志愿队伍，全天候，轮流上岗开展志愿服务。","","60.0","0","1","","","0","0","0","0","10","0","1529480731","0","3","0","20","0","0","0","[{""money_id"":""1"",""money_from"":"""",""money_sum"":""""}]","","0","0","0","0","0","0","0","0","0","0","0","0","0","0","0","0","0","0","0","0","0","0","0","0"
"1635053","邻里互助","52494223","","1529510400","1529510400","1529510400","1529510400","0","","","1","","1","","7209","7260","7269","0","辖区各村","113.66356599141","23.055575070662","ws0g4mpk3n9wmuruz0n1","2018-6-21上午8:00-12:00下午3:00-6:00","志愿者服装","特困群体","&nbsp;龙山街道志愿者到贫困户家中进行邻里互助活动。","","420.0","0","0","","","0","0","0","0","20","10","1529480745","0","21","0","40","0","0","0","[{""money_id"":""0"",""money_from"":"""",""money_sum"":""""}]","","0","0","0","0","0","0","0","0","0","0","0","0","0","0","0","0","0","0","0","0","0","0","0","0"
"1635054","学雷锋，齐心协力共创城","91069285","","1489075200","1489852800","1489075200","1489852800","0","","","1","","1","","6278","6312","6315","0","通化县包保区","125.85733217991","41.729156130979","wz3mruw9bqsb26m4rcnm","    2018年3月15日上午9：00――11：00实验小学路段","提供饮水","儿童,青少年,特困群体","&nbsp; &nbsp;雷锋精神是我们中华民族宝贵的精神财富，四十多年来他激励着一代又一代的青少年健康成长，促进了社会文明的进步，在 2017年3月15日学雷锋志愿服务活动中，装备办全体同志以文明行为劝导志愿组、共享单车志愿组、清洁城市志愿组、爱绿护绿志愿组以及走访慰问志愿组共5个小组。 &nbsp; 用文明行为劝导志愿组主要是在学校周边劝阻过路行人乱穿马路、闯红灯、乱倒乱扔、乱贴乱画以及无绳遛狗等不文明行为，宣传文明礼仪知识，引导居民群众树立良好的环境卫生和责任意识，齐心协力共创城做出自己的一份微薄之力。","","8.0","0","2","91069285","","0","0","0","0","20","10","1529542192","0","8","0","4","0","0","0","[{""money_id"":""1"",""money_from"":"""",""money_sum"":""""}]","","0","0","0","0","0","0","0","0","0","0","0","0","0","0","0","0","0","0","0","0","0","0","0","0"
"1635055","古槐镇雁塘村&quot;精准扶贫”","31939974","","1529424000","1532275200","1529424000","1529683200","1","","","1","","1","","6846","6847","6860","17628","古槐镇雁塘村","119.55687226395","25.898888485198","wst52ddxvn9re4142s64","2018年6月21日下午13:00","志愿者服装","残障人士,特困群体","慰问长乐区古槐镇雁塘村两名残障人士，均是无子女照顾，送慰问品","","16.0","0","2","31939974","","0","0","0","0","21","10","1529480758","0","18","0","4","0","0","0","[{""money_id"":""0"",""money_from"":"""",""money_sum"":""""}]","","0","0","0","0","0","0","0","0","0","0","0","0","0","0","0","0","0","0","0","0","0","0","0","0"
"1635056","义诊志愿服务活动","16048554","","1514736000","1546185600","1514736000","1546185600","0","","","1","","1","","8997","9656","9671","9676","邯郸县丛台北路","114.540461","36.626691","ww92q7tvfnjf","全天候志愿服务","其他","儿童,其他","每天在医院内组织医院职工开展文明引导、敬老助残、秩序维护等便民服务，设立20人的志愿队伍，全天候，轮流上岗开展志愿服务。","","60.0","0","1","","","0","0","0","0","21","0","1529480777","0","3","0","20","0","0","0","[{""money_id"":""1"",""money_from"":"""",""money_sum"":""""}]","","0","0","0","0","0","0","0","0","0","0","0","0","0","0","0","0","0","0","0","0","0","0","0","0"
"1635057","敬老院关爱老人","12873268","","1529337600","1529424000","1529337600","1529424000","0","","","1","","1","","6846","6912","6922","18356","建阳市","117.968821","27.253946","wsggh3qm8zb2","2018年6月20日建阳区书坊乡敬老院","提供饮水,专项培训","孤寡老人","尊老爱幼乃中国传统美德，我们将于2018年6月20日到建阳区书坊乡敬老院关爱老年人。","","160.0","0","0","","","0","0","0","0","21","0","1529480784","0","18","0","20","0","0","100","[{""money_id"":""0"",""money_from"":""2"",""money_sum"":""100""}]","","0","0","0","0","0","0","0","0","0","0","0","0","0","0","0","0","0","0","0","0","0","0","0","0"
"1635058","石佛店镇志愿者开展禁毒宣传月宣传活动","89780239","","1529942400","1529942400","1529942400","1529942400","0","","","1","","1","","7209","7351","7358","0","石佛店镇","115.80728582247","32.078424165584","wtdq7r8q37ej9xfvepjj","2018年6月26日  上午8:00-12:00下午3:00-6:00","提供饮水,专项培训","其他","针对6.26禁毒宣传月来临之际，为了进一步深化群众的认知性和提高广大职工群众参与禁毒的意识和禁毒斗争的积极性，志愿者们入户宣传禁毒工作。","","8400.0","0","2","89780239","","0","0","0","0","21","0","1529480785","0","21","0","1200","0","0","0","[{""money_id"":""0"",""money_from"":"""",""money_sum"":""""}]","","0","0","0","0","0","0","0","0","0","0","0","0","0","0","0","0","0","0","0","0","0","0","0","0"
"1635061","社区劝导队","3473455","","1527782400","1546185600","1527782400","1530288000","0","","","0","","0","","2","916","1037","11821","北京市丰台区大瓦窑北路2号院","116.2567150175","39.873495618278","wx4dv6xxcy3dpyhec7h0","每月不定时的为辖区居民服务。","志愿服务工具","其他","<p><span style=""font-size:15.0pt""><span style=""font-family:仿宋"">&nbsp; &nbsp; 为维护好社区居民的生活环境，确保社区环境秩序工作治理的良好，由社区党委，居委会，服务站结合社区实际情况成立了社区劝导队，对本社区不文明行为开展劝导活动，取得了较好的成效。我社区对文明劝导活动进行了细致的部署，成立了由社区党委书记、社区居委会主任为社区劝导队队长。劝导队由社区干部、社区协管员、社区党员、志愿者共计60余名成员组成。要求队员上岗时统一佩戴环境秩序劝导队员袖标，工作中做到文明劝导，耐心说服，避免发生冲突。</span></span></p><p><span style=""line-height:22.5pt""><span style=""font-size:15pt""><span style=""font-family:仿宋"">&nbsp; &nbsp;文明劝导队的工作活动得到了广大居民群众的一致认可，有些原来对社区有意见的居民群众也能主动地向劝导队人员反映他们的心声，并提出了他们对社区内存在的问题，看法、意见或建议。劝导队与居民群众的关系，与各有关部门的关系，通过不断接触，沟通更加接近了，更加融洽了，劝导队对自己的定位是：一要以身作则，二要带头，三是以第三方的身份做好沟通、宣传、劝导工作。</span></span></span></p><p><span style=""font-size:15pt""><span style=""font-family:仿宋"">&nbsp; &nbsp; 我们的队员一致表示，一定要再接再厉把常态管理与长效管理有机地结合起来，使文明行为不断得到发扬光大。</span></span><span style=""font-size:15.0pt""><span style=""font-family:仿宋"">将劝导队作为社区一支固定的志愿服务队伍在社区建设中发挥作用，随时劝说居民遵纪守法、维护环境、邻里互助。</span></span></p><p><br></p>","","332.0","0","0","","","0","0","0","0","10","0","1529548698","0","1","0","24","0","0","0","[{""money_id"":""1"",""money_from"":""7"",""money_sum"":""""}]","","0","0","0","0","0","0","0","0","0","0","0","0","0","0","0","0","0","0","0","0","0","0","0","0"
"1635062","制作绿豆糕","45464019","","1528214400","1528819200","1528214400","1528819200","0","","","1","","1","","7385","7386","7387","0","江岸区","114.374267","30.691951","wt3qdekc9d6g","2018年6月13日 上午","其他","其他","端午佳节，粽叶飘香，为进一步引导社区居民了解和感受中华传统节日文化，丰富社区居民的文化生活，提高社区居民的文化素养，社区组织发动广大志愿者积极投身社区治理工作，传承传统文化，促进社会和谐，关爱老人和困难群体，谌家矶街道天兴花园社区在中国传统节日端午节来临之际，志愿者积极行动，制作绿豆糕，庆祝端午佳节。<br>","","450.0","0","0","","","0","0","0","0","21","0","1529480908","0","22","0","50","0","0","0","[{""money_id"":""0"",""money_from"":"""",""money_sum"":""""}]","","0","0","0","0","0","0","0","0","0","0","0","0","0","0","0","0","0","0","0","0","0","0","0","0"
"1635063","清明节文明祭祀","5656337","http://s.zhiyuanyun.com/www.lpszyz.cn/opp/201806/20/5b2a04ee7d940.png","1522684800","1531152000","1522944000","1531065600","0","","","1","","0","","8151","8163","8164","8167","钟山区S212(汪水路)","104.862579","26.614155","wkdx6hywenn4","2018-4-4","提供饮水","其他","垭口居委志愿者清明节期间文明祭祀值守工作","","480.0","0","1","","","0","0","0","0","21","0","1529480910","0","6","0","30","0","0","0","[{""money_id"":""0"",""money_from"":"""",""money_sum"":""""}]","","0","0","0","0","0","0","0","0","0","0","0","0","0","0","0","0","0","0","0","0","0","0","0","0"
"1635064","楼层值班志愿者","89686999","","1529337600","1531324800","1529337600","1531324800","0","","","1","","1","","6846","6887","6890","17920","洛江区实验小学","118.68318948975","24.951520906456","wskmuwq3nu87b48e7x4b","每天都有教师在楼层关注孩子下课安全","其他","儿童","每天的志愿项目","","45.0","0","2","89686999","","0","0","0","0","20","10","1529480911","0","18","0","15","0","0","0","[{""money_id"":""0"",""money_from"":"""",""money_sum"":""""}]","","0","0","0","0","0","0","0","0","0","0","0","0","0","0","0","0","0","0","0","0","0","0","0","0"
"1635067","港口度假区2018端午节维护旅游安全秩序志愿服务活动（补录）","9016108","","1529337600","1529683200","1529337600","1529424000","0","","","0","","0","","7639","7723","7727","0","惠东县港口度假区","114.95551769006","23.049117499162","ws1epguncdytqr1s2erk","2018年6月16至6月18日早上9:00-12：00下午14:00-19:00","餐饮或食物,提供饮水,志愿者服装","其他","<p align=""left"" style=""text-align:left""><span style=""font-size:12.0pt""><span style=""font-family:宋体"">随着端午节期间旅游旺季的到来，大量的游客驾驶汽车到我区旅游，给我区IDE交通带来剧毒压力，为进一步规范我区交通秩序，保障游客安全，决定组织实施全区旅游安全秩序志愿服务活动<br></span></span><br></p><p style=""text-align:center;""><a data-cke-saved-href=""http://s.zhiyuanyun.com/huizhou.zhiyuanyun.com/cms/201806/20/5b2a04b7e8b6c.jpg"" href=""http://s.zhiyuanyun.com/huizhou.zhiyuanyun.com/cms/201806/20/5b2a04b7e8b6c.jpg"" target=""_blank"" title=""端午节假期 (5)""><img data-cke-saved-src=""http://s.zhiyuanyun.com/huizhou.zhiyuanyun.com/cms/201806/20/5b2a04b7e8b6c.jpg"" src=""http://s.zhiyuanyun.com/huizhou.zhiyuanyun.com/cms/201806/20/5b2a04b7e8b6c.jpg"" alt=""端午节假期 (5)""></a></p><p style=""text-align:center;""><br></p><span style=""font-size:12.0pt""><span style=""font-family:宋体""></span></span>","","96.0","0","2","9016108","","0","0","0","0","20","10","1529480958","0","24","0","4","0","0","0","[{""money_id"":""0"",""money_from"":"""",""money_sum"":""""}]","","0","0","0","0","0","0","0","0","0","0","0","0","0","0","0","0","0","0","0","0","0","0","0","0"
"1635068","&quot;传递书香 共建文明&quot;志愿服务活动","23058621","","1529424000","1532016000","1529424000","1531152000","0","","","0","","0","","7053","7191","7198","35417","长山镇甘中村","117.85610650864","36.913236641976","wwecczu5nq43x6h4t9wr","2018年7月6日上午8:30-12:00","其他","其他","为长山镇甘中村村民捐赠图书，提升村民的文化水平，帮助该村推进精神文明建设，促进城乡文明结对共建工作开展和城乡协调发展。","","315.0","0","2","23058621","","0","0","0","0","21","0","1530865941","0","20","0","90","0","0","0","[{""money_id"":""1"",""money_from"":""7"",""money_sum"":""0""}]","","0","0","0","0","0","0","0","0","0","0","0","0","0","0","0","0","0","0","0","0","0","0","0","0"
"1635071","参与消防安全培训","35299688","http://s.zhiyuanyun.com/xm.fjvs.org/opp/201806/20/5b2a04a7f0373.jpg","1529424000","1529856000","1529424000","1529856000","0","","","1","","0","","6846","6861","6866","0","同安区","118.11468496447","24.781704734783","ws7uzz27zssdctj796bd","2018年6月24日下午15:00-17:00","提供饮水,专项培训","其他","参与消防安全培训<br>","","0.0","0","1","","","0","0","0","0","20","10","1529481033","0","18","1","2","0","0","0","[{""money_id"":""0"",""money_from"":"""",""money_sum"":""""}]","","0","0","0","0","0","0","0","0","0","0","0","0","0","0","0","0","0","0","0","0","0","0","0","0"
"1635072","组织志愿者到路面开展卫生清扫活动","92363292","","1526313600","1527004800","1526313600","1526918400","0","","","0","","0","","6724","6796","6797","0","滁州市清流至琅琊路段","118.33756892154","32.338458080903","wtspuz4c1jwbkp1h6fwv","2018年5月23日","志愿者服装,志愿服务工具","其他","组织志愿者到路面开展卫生清扫活动，进行文明宣传。","","300.0","0","5","","","0","0","0","0","21","0","1529481040","0","17","0","100","0","0","400","[{""money_id"":""0"",""money_from"":""7"",""money_sum"":""400""}]","","0","0","0","0","0","0","0","0","0","0","0","0","0","0","0","0","0","0","0","0","0","0","0","0"
"1635073","大门口值班","89686999","","1529337600","1531929600","1529337600","1531929600","0","","","1","","1","","6846","6887","6890","17920","洛江区实验小学","118.68318948975","24.951520906456","wskmuwq3nu87b48e7x4b","每天上学和放学时间都有老师在校门口值班","其他","儿童","每天上学和放学时间都有老师在校门口值班<br>","","37.5","0","2","89686999","","0","0","0","0","20","10","1529481042","0","18","0","15","0","0","0","[{""money_id"":""0"",""money_from"":"""",""money_sum"":""""}]","","0","0","0","0","0","0","0","0","0","0","0","0","0","0","0","0","0","0","0","0","0","0","0","0"
"1635074","大武口区青山街道胜利社区开展爱心睦邻金乡邻情浓端午粽飘香活动","89633034","","1529424000","1530288000","1529424000","1530288000","0","","","1","","1","","8855","8863","8864","0","胜利社区","114.49303272898","36.601190197616","ww92jr533h2uj29515w3","2018年6月25号上午8：00-12:00下午14:30-18:30","志愿者服装,志愿服务工具","其他","<p><span style=""font-size:16.0000pt""><span style=""font-family:仿宋_GB2312""><font face=""仿宋_GB2312"">为表达对残疾人的关心和爱护</font></span></span></p>","","160.0","0","0","","","0","0","0","0","20","10","1529481052","0","32","0","34","0","0","0","[{""money_id"":""0"",""money_from"":"""",""money_sum"":""""}]","","0","0","0","0","0","0","0","0","0","0","0","0","0","0","0","0","0","0","0","0","0","0","0","0"
"1635075","学雷锋志愿服务活动","49236440","","1525104000","1530288000","1525104000","1530288000","0","","","1","","0","","7209","7233","7242","0","栾川县君山中路60号","111.626545","33.786014","wqp2hnecz12x","5月1日到5月3日，五一劳动节期间，深入景区指挥交通，在咨询点为游客指引和发放旅游手册等","餐饮或食物,志愿者服装,志愿服务工具","其他","5月1日到5月3日，五一劳动节期间，深入景区指挥交通，在咨询点为游客指引和发放旅游手册等","","0.0","0","0","","","0","0","0","0","20","10","1529481052","0","21","0","0","0","0","0","[{""money_id"":""0"",""money_from"":"""",""money_sum"":""""}]","","0","0","0","0","0","0","0","0","0","0","0","0","0","0","0","0","0","0","0","0","0","0","0","0"
"1635076","关爱老年人","45464019","","1528905600","1528992000","1528905600","1528992000","0","","","1","","1","","7385","7386","7387","0","江岸区","114.374195","30.692262","wt3qdekerum4","2018年6月15日上午","其他","孤寡老人","端午佳节，粽叶飘香，为进一步引导社区居民了解和感受中华传统节日文化，丰富社区居民的文化生活，提高社区居民的文化素养，传承传统文化，促进社会和谐，关爱老人和困难群体，谌家矶街道天兴花园社区在中国传统节日端午节来临之际，志愿者积极行动，制作绿豆糕，庆祝端午佳节。活动当天，志愿者带着做好的绿豆糕上门慰问社区的高龄老人，和困难群体。<br>","","108.0","0","0","","","0","0","0","0","21","0","1529481062","0","22","0","100","0","0","0","[{""money_id"":""0"",""money_from"":"""",""money_sum"":""""}]","","0","0","0","0","0","0","0","0","0","0","0","0","0","0","0","0","0","0","0","0","0","0","0","0"
"1635077","交通协管","9016799","","1529424000","1530547200","1529424000","1530115200","0","","","1","","1","","7639","7723","7726","0","石坝镇","106.65131105526","29.9390055085","wm7f6fjp7ejkmgk0fj6","2018年6月29上午10：00-12：00下午16：00-18：00","提供饮水,志愿者服装","儿童,青少年","2018年6月25上午10：00-12：00下午16：00-18：00 到石坝镇开展交通协管活动","","160.0","0","0","","","0","0","0","0","20","10","1530258995","0","24","0","40","0","0","0","[{""money_id"":""1"",""money_from"":"""",""money_sum"":""""}]","","0","0","0","0","0","0","0","0","0","0","0","0","0","0","0","0","0","0","0","0","0","0","0","0"
"1635078","走进康井社区创文创卫志愿服务","52959628","","1529424000","1529424000","1529424000","1529424000","0","","","1","","1","","8356","8382","8383","0","红塔区康井社区","102.55827244449","24.418135142374","wk2fvv0tuyq9u6nc4hs5","2018年6月20日","志愿者服装,志愿服务工具","儿童,青少年,其他","2018年6月20日上午，我园组织党员及教职工开展常态化的走进康井社区志愿服务活动，老师们统一佩戴志愿者红袖套，手里拿着扫帚、小夹子等清扫工具认真的投入到此次的创卫行动中。大家沿着康井社区各条道路、卫生垃圾死角、绿化带垃圾等进行了集中清扫。劳动现场，热火朝天，大家充分发挥不怕脏、不怕累的精神，不落下任何一个角落，不放过一张纸屑、一个烟头。经过两个小时的共同努力，终于将康井区打扫的干干净净，给社区居民营造一个整洁、优美、卫生、文明的卫生环境，用实际行动为创卫工作做出贡献，同时也对社区的居民进行了无声的宣传，加强了居民的卫生保护意识。 打扫完卫生，老师们还进行了文明劝导，对行人闯红灯的行为予以劝导，制止。<p style=""text-align:center;""><a data-cke-saved-href=""http://s.zhiyuanyun.com/yn.chinavolunteer.cn/cms/201806/20/5b2a058626db6.JPG"" href=""http://s.zhiyuanyun.com/yn.chinavolunteer.cn/cms/201806/20/5b2a058626db6.JPG"" target=""_blank"" title=""IMG_2380""><img data-cke-saved-src=""http://s.zhiyuanyun.com/yn.chinavolunteer.cn/cms/201806/20/5b2a058626db6.JPG"" src=""http://s.zhiyuanyun.com/yn.chinavolunteer.cn/cms/201806/20/5b2a058626db6.JPG"" alt=""IMG_2380""></a></p><p style=""text-align:center;"">IMG_2380</p>","","38.0","0","5","","","0","0","0","0","20","10","1529913299","0","28","0","38","0","0","0","[{""money_id"":""1"",""money_from"":"""",""money_sum"":""""}]","","0","0","0","0","0","0","0","0","0","0","0","0","0","0","0","0","0","0","0","0","0","0","0","0"
"1635079","敬老院活动","50231957","","1516636800","1516636800","1516636800","1516636800","0","","","1","","1","","7209","7327","7331","0","拐河镇敬老院","113.007182","33.460812","wtbq7e3765qq","2018年1月23日","集中乘车,提供饮水,志愿者服装,志愿服务工具","孤寡老人","今天阳光灿烂，天空就像我们的心情一样开朗。下午1.30志愿者准时在人武部集合,40分钟后，我们到达拐河镇敬老院，在这里居住的老人年龄多数在70岁以上的老人，他们虽然衣食无忧，但他们内心深处渴望社会关怀。 “牵手夕阳，温暖老人心，有你，也有我!”是我们这次义工活动的主题，虽然我们不能一直陪伴他们，但我们希望我们这短暂的活动能带给他们快乐和温暖。<br>一进敬老院，队员们有的同老人谈心，有的打扫卫生，有的帮老人梳头，有的为老人洗衣服。敬老院弥漫着欢声笑语。<br>下午5时，当队员们离开时，敬老院的老人们送到大门口，恋恋不舍地说：“孩子们，你们啥时候再来。”队员们齐声回答：“我们会经常来的。”<br>","","80.0","0","5","","","0","0","0","0","20","10","1529481083","0","21","0","20","0","0","300","[{""money_id"":""0"",""money_from"":""6"",""money_sum"":""300""}]","","0","0","0","0","0","0","0","0","0","0","0","0","0","0","0","0","0","0","0","0","0","0","0","0"
"1635091","春节读绘本 巧手绘灯笼”活动（第一站 湖徐村）","54886150","","1517846400","1518192000","1517846400","1518105600","0","","","1","","1","","7209","7307","7309","0","许昌市建安区将官池镇湖徐村","113.92427751409","34.018367673482","ww1182v5k56790ztxpe9","服务时间2018年2月10日上午8:00――12:00","集中乘车,提供饮水,志愿者服装","儿童,青少年,优抚对象,特困群体","<p>在新春佳节来临之际，为弘扬中华民族传统文化，丰富农村儿童的课余生活，建安区图书馆将于2018年2月10日，到将官池镇湖徐村农家书屋开展“建安读书会”走进农家书屋系列之“春节读绘本巧手绘灯笼”活动。</p><p>以“春节读绘本、巧手绘灯笼”为活动主题，由主持人带领小读者们读绘本《打灯笼》，了解中华民族优秀的传统文化，增长知识；然后带领大家一起手绘灯笼。绘制完成，将由专业的美术老师参与评比，选出优秀作品六名，并有礼品相送。</p>","","0.0","0","0","","","0","0","0","0","40","20","1529481189","0","21","0","0","0","0","0","[{""money_id"":""0"",""money_from"":"""",""money_sum"":""""}]","","0","0","0","0","0","0","0","0","0","0","0","0","0","0","0","0","0","0","0","0","0","0","0","0"
"1635081","禁毒宣传","34432150","","1529424000","1529942400","1529424000","1529769600","0","","","1","","1","","7209","7276","7286","0","宏力大道如意园","114.67028885513","35.193814632863","ww381qu6g6s9v0qmdy3j","2018年6月26日上午","志愿者保险,集中乘车,提供饮水,志愿者服装","其他","在如意园广场为过往群众开展禁毒宣传。","","0.0","0","2","34432150","","0","0","0","0","40","4","1529481105","0","21","0","0","0","0","0","[{""money_id"":""0"",""money_from"":"""",""money_sum"":""""}]","","0","0","0","0","0","0","0","0","0","0","0","0","0","0","0","0","0","0","0","0","0","0","0","0"
"1635082","扫黑除恶知识宣传志愿服务活动","12340385","http://s.zhiyuanyun.com/huizhou.zhiyuanyun.com/opp/201806/20/5b2a05ae7ea1e.jpg","1529424000","1529856000","1529424000","1529856000","0","","","1","","0","","7639","7723","7727","0","惠东县平梁路","114.704009","23.017114","ws1dfnhumjh1","2018年6月22日早上8:30-11:30下午15:00-17:00","志愿者服装","其他","社区举行扫黑除恶宣传志愿活动","","50.0","0","1","","","0","0","0","0","20","10","1529483145","0","24","0","10","0","0","0","[{""money_id"":""1"",""money_from"":"""",""money_sum"":""""}]","","0","0","0","0","0","0","0","0","0","0","0","0","0","0","0","0","0","0","0","0","0","0","0","0"
"1635083","文明单位社区行","49884254","","1514736000","1530288000","1514822400","1530201600","0","","","1","","1","","7209","7276","7281","0","新乡县","114.053127","35.251515","ww30e36fyqxm","2018年1月25日上午开展志愿服务活动","集中乘车,志愿者服装,志愿服务工具","特困群体","<p style=""text-align:left""><span style=""background:#ffffff""><span style=""line-height:18.9000pt""><span style=""font-size:16.0000pt""><span style=""font-family:仿宋""><span style=""font-weight:normal""><font face=""仿宋"">&nbsp; &nbsp; 为深入学习贯彻党的十九大精神，让十九大精神更好地惠及广大人民群众，春节前夕</font></span></span></span><span style=""font-size:16.0000pt""><span style=""font-family:仿宋""><span style=""font-weight:normal""><font face=""仿宋"">，</font></span></span></span><span style=""font-size:16.0000pt""><span style=""font-family:仿宋""><font face=""仿宋"">局志愿服务队一行人前往祥和社区贫困户家中，开展</font>“干干净净迎新春”大清扫活动。大家分成若干小组，各自手持扫把、铁锹、抹布等工具，入户帮助贫困户清扫庭院、清运垃圾、擦玻璃等，并对贫困户家中生活物品摆放进行统一整理，引导贫困户养成文明健康生活习惯，鼓励他们坚定改变贫困落后面貌决心。</span></span></span></span></p>","","0.0","0","2","49884254","","0","0","0","0","31","0","1529481110","0","21","0","0","0","0","0","[{""money_id"":""0"",""money_from"":"""",""money_sum"":""""}]","","0","0","0","0","0","0","0","0","0","0","0","0","0","0","0","0","0","0","0","0","0","0","0","0"
"1635084","清扫学校背后竹林活动","12873268","","1530201600","1530288000","1530201600","1530288000","0","","","1","","1","","6846","6912","6922","18356","建阳市","117.996417","27.278608","wsggjjfm7v1e","2018年6月29日建阳区书坊中学背后竹林","提供饮水,专项培训","其他","由于这片竹林属于没有人管辖的区域，常年缺少人员打扫，属于我们决定2018年6月29日到建阳区书坊中学背后竹林进行卫生大扫除。","","160.0","0","0","","","0","0","0","0","20","10","1529481134","0","18","0","20","0","0","100","[{""money_id"":""0"",""money_from"":""2"",""money_sum"":""100""}]","","0","0","0","0","0","0","0","0","0","0","0","0","0","0","0","0","0","0","0","0","0","0","0","0"
"1635085","卫生整治","18185498","","1529424000","1529424000","1529424000","1529424000","0","","","1","","1","","7907","7938","32395","32440","重庆市云阳县青龙街道白鹤社区","106.545583","29.535556","wm7b08b1h48y","2018年6月20日上午8:30-11:30","志愿者服装","其他","白鹤社区志愿者在五同路180号后面绿化带捡白色垃圾物","","30.0","0","2","18185498","","0","0","0","0","20","10","1529481134","0","26","0","10","0","0","200","[{""money_id"":""0"",""money_from"":""1"",""money_sum"":""200""}]","","0","0","0","0","0","0","0","0","0","0","0","0","0","0","0","0","0","0","0","0","0","0","0","0"
"1635086","“品味端午 弘扬文化 喜迎新时代”慈善活动","10159990","","1528128000","1531584000","1528128000","1528992000","1","","","0","","0","","8584","8670","8671","0","城皇庙滩社区","118.14292490558","33.767746701992","wwh007jp3sjz0ymj8zfn","2018年6月15日在城皇庙滩社区院内开展端午节系列活动。服务时长3.5小时。","志愿者服装","其他","2018年6月15日在城皇庙滩社区院内开展端午节系列活动。服务时长3.5小时。<br>","","216.0","0","1","","","0","0","0","0","21","10","1529481164","0","30","0","54","0","0","0","[{""money_id"":""0"",""money_from"":"""",""money_sum"":""""}]","","0","0","0","0","0","0","0","0","0","0","0","0","0","0","0","0","0","0","0","0","0","0","0","0"
"1635087","邯山区地税局开展“送爱心粽子”志愿服务活动","18019137","","1528560000","1531152000","1528560000","1531152000","0","","","0","","0","","8997","9656","9657","0","邯郸市邯山区","114.46928986668","36.536153078937","ww3rug1yxb8fqxb9v5s0","2018年6月14日至6月15日","志愿者服装,志愿服务工具","孤寡老人,优抚对象","<span style=""font-size:16px;""><span style=""font-family: 仿宋; color: black;"">2018年6月14日至15日,邯山区地税局组织红翔志愿者开展“送爱心粽子”志愿服务活动</span> , <span style=""font-family: 仿宋; color: black;"">向老党员、困难家庭赠送爱心粽子同时积极帮扶他们解决生活难题.</span></span> <br>","","300.0","0","4","","","0","0","0","0","21","0","1529481171","0","3","0","100","0","0","0","[{""money_id"":""0"",""money_from"":"""",""money_sum"":""""}]","","0","0","0","0","0","0","0","0","0","0","0","0","0","0","0","0","0","0","0","0","0","0","0","0"
"1635089","银水巷社区组织志愿者为辖区困难家庭儿童包粽子。","36848214","","1528992000","1528992000","1528992000","1528992000","0","","","1","","0","","8702","8716","8717","0","银水巷居民家中","104.19368458272","36.556301514038","wq6pfyzebud2d4fjpjre","2018年6月15日","餐饮或食物","其他","<p style=""margin: 0pt;""><span style=""font-size: 16pt;""><span style=""font-family: 仿宋_GB2312;""><font color=""#000000""><font face=""宋体"">&nbsp;&nbsp;&nbsp; 6月15日银水巷社区组织志愿者为辖区困难未成年人家庭包粽子并宣传端午节传统习俗。<br>&nbsp;&nbsp;&nbsp; 包粽子活动中，不仅向小朋友介绍了端午节的由来和习俗，还亲手体验了包粽子的乐趣，让孩子感受到端午节浓浓的节日氛围。</font></font></span></span></p>","","0.0","0","2","36848214","","0","0","0","0","40","20","1529481178","0","9","0","0","0","0","0","[{""money_id"":""1"",""money_from"":"""",""money_sum"":""""}]","","0","0","0","0","0","0","0","0","0","0","0","0","0","0","0","0","0","0","0","0","0","0","0","0"
"1635090","学雷锋清洁家园行动","62808610","","1521043200","1521648000","1521043200","1521648000","0","","","0","","0","","6846","6847","6850","0","金闽小区二区二期","119.27686463802","26.050415712536","wssu4nqf8mkw8vfse8qe","2018.3.22 下午14:30-17:30在金闽小区二区二期开展清洁家园活动。","其他","社区群众","2018.3.22下午14:30-17:30在金闽小区二区二期开展清洁家园活动。","","0.0","0","2","62808610","","0","0","0","0","40","20","1529483669","0","18","0","0","0","0","0","[{""money_id"":""1"",""money_from"":"""",""money_sum"":""""}]","","0","0","0","0","0","0","0","0","0","0","0","0","0","0","0","0","0","0","0","0","0","0","0","0"
"1635092","文明交通","31250481","","1529424000","1529424000","1529424000","1529424000","0","","","1","","1","","7209","7300","7303","0","昌州路与光明路交叉口","115.20435095787","36.078860092065","ww3vjxcnxfypx66f6zbs","2018-6-20上午7：30-12：30下午2：30-7：30","餐饮或食物,提供饮水,志愿者服装","广大市民群众","组织办公室志愿者到昌州路与光明路交叉口，指挥交通，引导路人文明行走，维持交通秩序。","","90.0","0","2","31250481","","0","0","0","0","20","10","1529481213","0","21","0","9","0","0","0","[{""money_id"":""0"",""money_from"":"""",""money_sum"":""""}]","","0","0","0","0","0","0","0","0","0","0","0","0","0","0","0","0","0","0","0","0","0","0","0","0"
"1635093","整治东平湖六组污水塘","51245447","","1529424000","1529510400","1529424000","1529424000","0","","","1","","1","","7209","7351","7353","0","平桥区","114.13861","32.10101","wt9nt7c1ymu","2018-6-20至2018-6-21","其他","其他","整治东平湖六组污水塘<br>","","480.0","0","0","","","0","0","0","0","20","10","1529481246","0","21","0","30","0","0","0","[{""money_id"":""0"",""money_from"":""7"",""money_sum"":""0""}]","","0","0","0","0","0","0","0","0","0","0","0","0","0","0","0","0","0","0","0","0","0","0","0","0"
"1635094","旧衣捐助","24153812","","1525276800","1525276800","1525276800","1525276800","0","","","1","","1","","8997","10989","11160","0","黄骅市青青家园","117.32080089685","38.361598307796","wwg6jxw2sb1xmvywvqyj","2018年5月3日","集中乘车","其他","征集职工干净的旧衣捐赠到黄骅市的旧衣捐助箱里，再由有关部分统一分配到有需要的家庭里。<br>","","0.0","0","0","","","0","0","0","0","21","0","1529481251","0","3","0","0","0","0","0","[{""money_id"":""0"",""money_from"":"""",""money_sum"":""""}]","","0","0","0","0","0","0","0","0","0","0","0","0","0","0","0","0","0","0","0","0","0","0","0","0"
"1635095","大武口区青山街道胜利社区开展为了守护那片蓝活动","89633034","","1529424000","1530288000","1529424000","1530288000","0","","","1","","1","","8855","8863","8864","0","胜利A区","121.38353426171","31.295134330314","wtw641hg37g7bh15xx7n","2018年6月26号上午8:00-12:00下午14:30-18:30","志愿者服装,志愿服务工具","其他","<p><span style=""font-size:16.0000pt""><span style=""font-family:仿宋_GB2312""><font face=""仿宋_GB2312"">为了确保空气质量良好</font></span></span><span style=""text-autospace:ideograph-numeric""><span style=""text-justify:inter-ideograph""><span style=""line-height:28.0000pt""><span style=""font-size:16.0000pt""><span style=""font-family:仿宋_GB2312""><font face=""仿宋_GB2312"">安排工作人员分时段进行洒水降尘工作。重点对背街小巷</font></span></span><span style=""font-size:16.0000pt""><span style=""font-family:仿宋_GB2312""><font face=""仿宋_GB2312"">、裸露地带</font></span></span><span style=""font-size:16.0000pt""><span style=""font-family:仿宋_GB2312""><font face=""仿宋_GB2312"">分时段进行洒水降尘作业。</font></span></span></span></span></span><span style=""font-size:16.0000pt""><span style=""font-family:仿宋_GB2312""><font face=""仿宋_GB2312""></font></span></span></p>","","160.0","0","0","","","0","0","0","0","20","10","1529481257","0","32","0","34","0","0","0","[{""money_id"":""0"",""money_from"":"""",""money_sum"":""""}]","","0","0","0","0","0","0","0","0","0","0","0","0","0","0","0","0","0","0","0","0","0","0","0","0"
"1635096","学雷锋志愿服务","65796295","","1528992000","1529078400","1528992000","1529078400","0","","","0","","0","","8356","8382","8383","0","红塔区葫芦社区","102.49989459797","24.369853985289","wk2fskqhswhcqzc1n38b","2018-6-15至2018-6-16","其他","其他","组织志愿服务队到文明城市创建网格化管理工作，结对社区开展学雷锋志愿服务活动。","","174.0","0","5","","","0","0","0","0","21","0","1529484395","0","28","0","29","0","0","0","[{""money_id"":""1"",""money_from"":""7"",""money_sum"":""""}]","","0","0","0","0","0","0","0","0","0","0","0","0","0","0","0","0","0","0","0","0","0","0","0","0"
"1635097","古槐雁塘村“精准扶贫”","59259833","","1529424000","1532275200","1529424000","1529683200","1","","","1","","1","","6846","6847","6860","17628","长乐市","119.54409","25.951783","wst58k3k54yp","2018年6月21日下午13:00","志愿者服装","残障人士,特困群体","慰问长乐区古槐镇雁塘村两名残障人士，均是无子女照顾，送慰问品<br>","","64.0","0","2","59259833","","0","0","0","0","21","10","1529481277","0","18","0","16","0","0","0","[{""money_id"":""0"",""money_from"":"""",""money_sum"":""""}]","","0","0","0","0","0","0","0","0","0","0","0","0","0","0","0","0","0","0","0","0","0","0","0","0"
"1635098","防震减灾科普知识宣传活动","89697196","","1529424000","1529510400","1529424000","1529424000","0","","","1","","1","","5917","5941","5943","0","阳泉市矿区苹果园社区","113.54077065934","37.890804244519","ww8xx9vcgtyg7nxumkbk","2018年6月21日上午，阳泉市地震局志愿者队伍到驻地苹果园社区进行防震减灾科普知识宣传，向社区居民讲解避震常识，发放宣传资料。","志愿者服装","苹果园社区居民","2018年6月21日上午，阳泉市地震局志愿者队伍到驻地所属的苹果园社区进行防震减灾科普知识宣传，通过现场讲解避震常识和发放宣传资料等方式，与社区居民积极互动，既提高了社区民众的避震意识和自救互救技能，同时也增进了我局与驻地社区的紧密联系。","","0.0","0","4","","","0","0","0","0","20","10","1529481277","0","11","0","0","0","0","0","[{""money_id"":""0"",""money_from"":""7"",""money_sum"":""""}]","","0","0","0","0","0","0","0","0","0","0","0","0","0","0","0","0","0","0","0","0","0","0","0","0"
"1635099","巡河护水","45464019","","1529337600","1529424000","1529337600","1529424000","0","","","1","","1","","7385","7386","7387","0","江岸区","114.374051","30.692697","wt3qdektut3t","2018年6月20上午","其他","其他","2018年6月20日，天兴花园社区组织志愿者开展“巡河护水”的志愿服务活动。上午，志愿者们来到谌家矶北堤，手拿夹子、垃圾袋等工具，捡拾白色垃圾、清理生活杂物。经过2个多小时的劳动，捡拾垃圾4大袋。志愿者们还将“保护母亲河倡议书”发给身旁的居民，向居民宣传环境保护知识和“关爱母亲河”的重要意义，号召人们共同关注母亲河。活动结束后，志愿者纷纷表示，将坚持不懈汇聚和传递绿色正能量，让母亲河永远辉煌灿烂下去。<br>","","40.0","0","0","","","0","0","0","0","21","0","1529481278","0","22","0","20","0","0","0","[{""money_id"":""0"",""money_from"":"""",""money_sum"":""""}]","","0","0","0","0","0","0","0","0","0","0","0","0","0","0","0","0","0","0","0","0","0","0","0","0"
"1635100","学雷锋志愿服务","65796295","","1528387200","1528473600","1528387200","1528387200","0","","","0","","0","","8356","8382","8383","0","红塔区葫芦社区","102.49989459797","24.369853985289","wk2fskqhswhcqzc1n3ed","2018-6-8至2018-6-9","其他","其他","组织志愿服务队到文明城市创建网格化管理工作，结对社区开展学雷锋志愿服务活动。","","120.0","0","5","","","0","0","0","0","21","0","1529481279","0","28","0","29","0","0","0","[{""money_id"":""0"",""money_from"":""7"",""money_sum"":""""}]","","0","0","0","0","0","0","0","0","0","0","0","0","0","0","0","0","0","0","0","0","0","0","0","0"
"1635101","港口度假区2018端午节维护旅游安全秩序志愿服务活动（补录）","9016106","","1529337600","1529683200","1529337600","1529424000","0","","","0","","0","","7639","7723","7727","0","惠东县港口度假区","114.95551769006","23.049117499162","ws1epguncdytqr1s2erk","2018年6月16至6月18日早上9:00-12：00下午14:00-19:00","餐饮或食物,提供饮水,志愿者服装","其他","<p align=""left"" style=""text-align:left""><span style=""font-size:12.0pt""><span style=""font-family:宋体"">随着端午节期间旅游旺季的到来，大量的游客驾驶汽车到我区旅游，给我区IDE交通带来剧大压力，为进一步规范我区交通秩序，保障游客安全，决定组织实施全区旅游安全秩序志愿服务活动<br></span></span><br></p><p style=""text-align:center;""><a data-cke-saved-href=""http://s.zhiyuanyun.com/huizhou.zhiyuanyun.com/cms/201806/20/5b2a05e77caf5.jpg"" href=""http://s.zhiyuanyun.com/huizhou.zhiyuanyun.com/cms/201806/20/5b2a05e77caf5.jpg"" target=""_blank"" title=""端午节假期 (1)""><img data-cke-saved-src=""http://s.zhiyuanyun.com/huizhou.zhiyuanyun.com/cms/201806/20/5b2a05e77caf5.jpg"" src=""http://s.zhiyuanyun.com/huizhou.zhiyuanyun.com/cms/201806/20/5b2a05e77caf5.jpg"" alt=""端午节假期 (1)""></a></p><p style=""text-align:center;""><br></p><span style=""font-size:12.0pt""><span style=""font-family:宋体""></span></span>","","120.0","0","2","9016106","","0","0","0","0","20","10","1529481281","0","24","0","5","0","0","0","[{""money_id"":""0"",""money_from"":"""",""money_sum"":""""}]","","0","0","0","0","0","0","0","0","0","0","0","0","0","0","0","0","0","0","0","0","0","0","0","0"
"1635102","”浓情端五.美粽飘香“活动。","23577203","","1528905600","1531497600","1528905600","1528905600","1","","","0","","0","","7639","7723","7725","0","三和街道三和社区","114.4794170804","22.882763903893","ws16jj9mgb27e7bp482r","2018年6月14日下午14；30-17；00开展”浓情端五.美粽飘香“活动。","提供饮水,志愿者服装","其他","<p style=""text-align:center;""><a data-cke-saved-href=""http://s.zhiyuanyun.com/huizhou.zhiyuanyun.com/cms/201806/20/5b2a0544a3c56.jpg"" href=""http://s.zhiyuanyun.com/huizhou.zhiyuanyun.com/cms/201806/20/5b2a0544a3c56.jpg"" target=""_blank"" title=""clip_image002""><img data-cke-saved-src=""http://s.zhiyuanyun.com/huizhou.zhiyuanyun.com/cms/201806/20/5b2a0544a3c56.jpg"" src=""http://s.zhiyuanyun.com/huizhou.zhiyuanyun.com/cms/201806/20/5b2a0544a3c56.jpg"" alt=""clip_image002""></a></p><p style=""text-align: center;""><span style=""font-size:12.0000pt""><span style=""font-family:宋体"">2</span></span><span style=""font-size:10.5000pt""><span style=""font-family:宋体"">018<font face=""宋体"">年</font><font face=""Times New Roman"">6</font><font face=""宋体"">月</font><font face=""Times New Roman"">14</font><font face=""宋体"">日下午，三和街道妇联，总工会，文化站和三和社区联合开展包粽子比赛。</font></span></span></p>","","25.0","0","5","","","0","0","0","0","21","10","1529481281","0","24","0","10","0","0","0","[{""money_id"":""0"",""money_from"":"""",""money_sum"":""""}]","","0","0","0","0","0","0","0","0","0","0","0","0","0","0","0","0","0","0","0","0","0","0","0","0"
"1635103","为贫困村老百姓免费体检","94572227","","1529164800","1530201600","1529251200","1530201600","0","","","1","","1","","5917","5947","5955","0","壶关县","113.268646","36.009355","ww2sc7r9wwrc","计划2018年6月21日―26日邀请晋城妇幼保健院的医护人员为壶关县店上镇南寨村、林青庄村免费义诊。","集中乘车,免费体检","其他","计划2018年6月21日―26日邀请晋城妇幼保健院的医护人员为壶关县店上镇南寨村、林青庄村免费义诊。<br>","","18.0","0","1","","","0","0","0","0","20","10","1529481287","0","11","1","7","0","0","200","[{""money_id"":""0"",""money_from"":""5"",""money_sum"":""200""}]","","0","0","0","0","0","0","0","0","0","0","0","0","0","0","0","0","0","0","0","0","0","0","0","0"
"1635104","参与志愿服务实践督导培训","35299688","http://s.zhiyuanyun.com/xm.fjvs.org/opp/201806/20/5b2a05803f63e.jpg","1529424000","1530460800","1529424000","1530460800","0","","","1","","0","","6846","6861","6866","0","同安区","118.11468496447","24.781704734783","ws7uzz27zssdctj796bd","2018年7月1日下午15:00-17:00","提供饮水,专项培训","其他","参与志愿服务实践督导培训<br>","","5.0","0","1","","","0","0","0","0","21","0","1529481289","0","18","0","2","0","0","0","[{""money_id"":""0"",""money_from"":"""",""money_sum"":""""}]","","0","0","0","0","0","0","0","0","0","0","0","0","0","0","0","0","0","0","0","0","0","0","0","0"
"1635105","保健院开展清明节缅怀革命先烈活动","50464121","","1522684800","1522684800","1522684800","1522684800","0","","","1","","1","","7209","7327","7331","0","独树镇七里岗烈士陵园","118.73263082019","30.967314823227","wts2jv6mwvfkk55sw1km","3个小时，2018年4月3日上午9:30--11:30","集中乘车,志愿者服装,志愿服务工具","其他","<p><span style=""font-size:16.0000pt""><span style=""font-family:仿宋_GB2312""><font face=""仿宋_GB2312"">为充分挖掘节日蕴含的传统文化内涵和爱国主义情感，激发职工爱党爱国情怀。</font></span></span><span style=""font-size:16.0000pt""><span style=""font-family:仿宋_GB2312"">4</span></span><span style=""font-size:16.0000pt""><span style=""font-family:仿宋_GB2312""><font face=""仿宋_GB2312"">月</font></span></span><span style=""font-size:16.0000pt""><span style=""font-family:仿宋_GB2312"">3</span></span><span style=""font-size:16.0000pt""><span style=""font-family:仿宋_GB2312""><font face=""仿宋_GB2312"">日</font></span></span><span style=""font-size:16.0000pt""><span style=""font-family:仿宋_GB2312""><font face=""仿宋_GB2312"">上午</font></span></span><span style=""font-size:16.0000pt""><span style=""font-family:仿宋_GB2312""><font face=""仿宋_GB2312"">，</font></span></span><span style=""font-size:16.0000pt""><span style=""font-family:仿宋_GB2312""><font face=""仿宋_GB2312"">我院</font></span></span><span style=""font-size:16.0000pt""><span style=""font-family:仿宋_GB2312""><font face=""仿宋_GB2312"">中层以上干部</font></span></span><span style=""font-size:16.0000pt""><span style=""font-family:仿宋_GB2312""><font face=""仿宋_GB2312"">、</font></span></span><span style=""font-size:16.0000pt""><span style=""font-family:仿宋_GB2312""><font face=""仿宋_GB2312"">党员</font></span></span><span style=""font-size:16.0000pt""><span style=""font-family:仿宋_GB2312""><font face=""仿宋_GB2312"">、共青团员</font></span></span><span style=""font-size:16.0000pt""><span style=""font-family:仿宋_GB2312"">25人，在院长周励耘和党支部书记姚建红的带领下</span></span><span style=""font-size:16.0000pt""><span style=""font-family:仿宋_GB2312""><font face=""仿宋_GB2312"">来到独树镇七里岗烈士陵园，缅怀革命先烈。</font></span></span></p>","","15.0","0","1","","","0","0","0","0","20","10","1529481291","0","21","0","25","0","0","0","[{""money_id"":""0"",""money_from"":""2"",""money_sum"":""""}]","","0","0","0","0","0","0","0","0","0","0","0","0","0","0","0","0","0","0","0","0","0","0","0","0"
"1635106","学雷锋志愿服务活动","49236440","","1525104000","1530288000","1525104000","1530288000","0","","","1","","0","","7209","7233","7242","20182","栾川县","111.761076","34.005842","wqp3rntfmu6k","5月15日到潭头镇波云岭村，开展清洁家园志愿服务活动","集中乘车,餐饮或食物,志愿者服装","其他","5月15日到潭头镇波云岭村，开展清洁家园志愿服务活动","","0.0","0","0","","","0","0","0","0","20","10","1529481302","0","21","0","0","0","0","0","[{""money_id"":""0"",""money_from"":"""",""money_sum"":""""}]","","0","0","0","0","0","0","0","0","0","0","0","0","0","0","0","0","0","0","0","0","0","0","0","0"
"1635107"," 黔江区新华小学文明劝导志愿服务活动","34711611","","1529424000","1529942400","1529424000","1529683200","0","","","1","","1","","7907","7921","27756","0","小什字――电信街","108.79234927991","29.530250433421","wmjrgxu4jmxjrg719frm","周六8：00~12：00","志愿者服装,志愿服务工具,专项培训,其他","儿童,残障人士,其他","志愿服务队的主要职责是上街值勤，纠正、制止公共场所不文明行为，宣传、劝导广大市民遵守交通规则，维护社会秩序，遵守社会公德，革除陋习，自觉养成良好的行为习惯。具体是：对各种车辆（含汽车、摩托车、电瓶车、自行车等）逆向行驶、乱停乱放等违反交通规则的不文明行为进行劝阻；负责对行人翻越隔离栏、乱穿公路、乱丢乱扔垃圾、随地吐痰、乱贴乱画、有意损坏公物等违反社会公德的不文明行为进行有效的劝导和制止；宣传创建文明城区的目的意义和公民基本道德规范，教育和引导市民养成文明礼貌、健康向上的良好日常行为习惯。","","0.0","0","2","34711611,62589134,62589793,62590362,62590959,62591515,62604522,62605189,62610893","","0","0","0","0","20","10","1529481320","0","26","0","177","0","0","0","[{""money_id"":""1"",""money_from"":"""",""money_sum"":""""}]","","0","0","0","0","0","0","0","0","0","0","0","0","0","0","0","0","0","0","0","0","0","0","0","0"
"1635108","关爱留守儿童","13182260","http://s.zhiyuanyun.com/sh.chinavolunteer.cn/opp/201806/19/5b28a9715d675.jpg","1530028800","1530028800","1530028800","1530028800","0","","","1","","0","","6490","6507","23948","0","大陈路8弄19号","121.41818830746","31.629566006605","wtw7fvyp8f7ntc0gt5dm","2018年5月26日上午9:00-11:00在社区文化活动中心开展关爱留守儿童志愿活动","志愿者保险,提供饮水,志愿者服装","儿童","为了让辖区内的留守儿童过一个美好的六一儿童节，镇妇联组织志愿者开展“共同关爱 牵手成长”活动","","0.0","0","5","","","0","0","0","0","40","31","1529481337","0","14","0","0","0","0","0","[{""money_id"":""1"",""money_from"":"""",""money_sum"":""""}]","","0","0","0","0","0","0","0","0","0","0","0","0","0","0","0","0","0","0","0","0","0","0","0","0"
"1635109","清洁环境美化家园","17624631","","1521907200","1523548800","1521907200","1522944000","0","","","1","","1","","7782","7825","7830","0","藤州镇南湖社区","128.23642109634","43.362510797685","wzenwjfuvjyh3jsqv2k4","2018年4月10日15：00-17：00","提供饮水,志愿服务工具","其他","通过志愿活动服务，大家同心同力打扫南湖小公园和周围的街道，以实际行动引导身边的群众爱护环境。","","0.0","0","2","17624631","","0","0","0","0","40","20","1529481373","0","25","0","0","0","0","0","[]","","0","0","0","0","0","0","0","0","0","0","0","0","0","0","0","0","0","0","0","0","0","0","0","0"
"1635110","热爱家园　美化环境","26039525","","1526313600","1526313600","1526313600","1526313600","0","","","1","","1","","6846","6887","6894","17973","永春县桃城镇西门街","118.33446577455","25.350024906017","wss0hybd8gjhb14426j7","2018-5-15上午9:00-10:30","集中乘车,志愿服务工具","其他","2018.5.15上午9：00-11：30由我局书记颜声灶组织志愿者到单位护绿责任区（卫生责任区）开展垃圾清理、除草等养绿护绿活动，营造共建文明卫生县城的良好社会环境。<br>","","22.5","0","0","","","0","0","0","0","20","10","1529481382","0","18","0","15","0","0","0","[{""money_id"":""1"",""money_from"":"""",""money_sum"":""""}]","","0","0","0","0","0","0","0","0","0","0","0","0","0","0","0","0","0","0","0","0","0","0","0","0"
"1635111","关爱孤寡老人","18185498","","1529510400","1529510400","1529510400","1529510400","0","","","1","","1","","7907","7938","32395","32440","重庆市云阳县青龙街道白鹤社区","106.51655","29.557928","wm78pufgrt0k","2018年6月21日下午15:00-17:00","志愿者服装","其他","组织社区志愿者到辖区留守老人家打扫卫生","","20.0","0","2","18185498","","0","0","0","0","20","10","1529481427","0","26","0","10","0","0","200","[{""money_id"":""0"",""money_from"":""1"",""money_sum"":""200""}]","","0","0","0","0","0","0","0","0","0","0","0","0","0","0","0","0","0","0","0","0","0","0","0","0"
"1635112","福建省少年儿童图书馆文化志愿服务（7月2日上午）","49940048","http://s.zhiyuanyun.com/www.fjvs.org/opp/201803/13/5aa770b9a355d.jpg","1529424000","1530460800","1529424000","1530288000","0","","","1","","0","","6846","6847","0","0","鼓楼区福州市东街28号","119.308222","26.092719","wssu6yj95567","7月2日（周一）上午9：00 ~12:00。","其他,简单岗前培训、绶带","儿童,青少年,其他","福建省少年儿童图书馆文化志愿者服务，内容包括：图书整理、分类、上架，图书修补等相关服务，以及公共场所秩序的维持。工作人员将提供简单岗前培训。","","15.0","0","0","","","0","0","0","0","20","10","1529481439","0","18","0","6","0","0","0","[{""money_id"":""1"",""money_from"":"""",""money_sum"":""""}]","","0","0","0","0","0","0","0","0","0","0","0","0","0","0","0","0","0","0","0","0","0","0","0","0"
"1635113","开展不文明行为劝阻志愿服务活动","16530063","","1529424000","1532016000","1529424000","1529424000","1","","","1","","1","","8997","9656","9852","0","邯郸市馆陶县","115.29915662582","36.618537005781","ww9brdnq3n43y8q45p2n","2018年6月20日下午13:30-17:30开展不文明行为劝阻志愿服务活动。","志愿者服装,志愿服务工具,其他","其他","交通运输局开展劝导不文明行为志愿服务活动，劝导不文明行动，及时纠正路上的不文明行为，使他们力争做一名文明市民。<br><br>","","428.0","0","0","","","0","0","0","0","21","10","1529481444","0","3","0","107","0","0","0","[{""money_id"":""0"",""money_from"":"""",""money_sum"":""""}]","","0","0","0","0","0","0","0","0","0","0","0","0","0","0","0","0","0","0","0","0","0","0","0","0"
"1635114","大手牵小手 老少学雷锋志愿活动","71372925","","1529424000","1530288000","1529510400","1529942400","0","","","1","","0","","6724","6788","6789","36890","安徽省黄山市屯溪区水心亭社区","118.33095333443","29.725585664307","wtk1hemup4ccmux3bxe3","2018年6月29日 上午9点30","提供饮水,志愿者服装","孤寡老人,特困群体","<p><span style=""font-family:宋体"">形成尊老爱幼、老少共融、朝霞与夕阳相互辉映的良好社会风尚，促进居民文化素质的提高。</span>&nbsp; <br><span style=""font-family:宋体"">增强志愿者的服务意识，提高志愿者的服务积极性，培养志愿者团队协作的能力和艰苦奋斗的精神，同时规范社区志愿服务队伍建设。弘扬“奉献，友爱，互助，进步”的志愿精神，提高居民文明素养，培养大学生的公民意识和社区干部群众的爱心观念、奉献意识，促进社区和谐发展，共同营造温馨和谐家园</span></p>","","0.0","0","0","","","0","0","0","0","20","10","1529481448","0","17","1","0","0","0","200","[{""money_id"":""0"",""money_from"":""6"",""money_sum"":""200""}]","","0","0","0","0","0","0","0","0","0","0","0","0","0","0","0","0","0","0","0","0","0","0","0","0"
"1635115","人力社保巡河护河志愿服务活动","16047557","http://s.zhiyuanyun.com/www.bv2008.cn/opp/201806/20/5b2a05a1454fe.png","1529337600","1532188800","1529424000","1529510400","1","","","1","","0","","2","2360","2378","2392","顺义区X203(右堤路)","116.682267","40.130621","wx4ur1t3vcuq","2018年6月22日下午3:00","提供饮水","其他","沿潮白河边发放宣传材料，劝阻违规钓鱼、乱扔垃圾等不文明行为，劝阻少年儿童在河边嬉戏玩耍、行动不便的老人紧靠河边散步、游野泳等不安全行为。<br>","","10.0","0","2","16047557","","0","0","0","0","21","10","1529481448","0","1","0","10","0","0","0","[]","","0","0","0","0","0","0","0","0","0","0","0","0","0","0","0","0","0","0","0","0","0","0","0","0"
"1635117","到紫艺社区开展卫生整治活动","52871779","","1529424000","1529683200","1529424000","1529596800","0","","","1","","1","","8356","8382","8383","0","红塔区东风路","102.55563421104","24.366188604755","wk2ftewxr6z2tu8q5js1","2018年6月22日下午和6月23日上午","志愿服务工具","其他","干部职工志愿者到紫艺社区开展创卫、创文活动。","","0.0","0","2","52871779","","0","0","0","0","40","20","1529481476","0","28","0","0","0","0","0","[{""money_id"":""0"",""money_from"":"""",""money_sum"":""""}]","","0","0","0","0","0","0","0","0","0","0","0","0","0","0","0","0","0","0","0","0","0","0","0","0"
"1635123","福建省少年儿童图书馆文化志愿服务（7月2日下午）","49940048","http://s.zhiyuanyun.com/www.fjvs.org/opp/201803/13/5aa770b9a355d.jpg","1529424000","1530460800","1529424000","1530288000","0","","","1","","0","","6846","6847","0","0","鼓楼区福州市东街28号","119.308222","26.092719","wssu6yj95567","7月2日（周一）下午14：00 ~17:00。","其他,简单岗前培训、绶带","儿童,青少年,其他","福建省少年儿童图书馆文化志愿者服务，内容包括：图书整理、分类、上架，图书修补等相关服务，以及公共场所秩序的维持。工作人员将提供简单岗前培训。","","12.0","0","0","","","0","0","0","0","20","10","1529481542","0","18","0","5","0","0","0","[{""money_id"":""1"",""money_from"":"""",""money_sum"":""""}]","","0","0","0","0","0","0","0","0","0","0","0","0","0","0","0","0","0","0","0","0","0","0","0","0"
"1635119","关于召开集团推进企业微信工作会议的志愿者引导服务","25471123","","1529424000","1529510400","1529424000","1529510400","0","","","1","","1","","7209","7249","7250","0","新华区四矿路","113.279002","33.780176","ww081trrb11y","2018年6月21日上午，集团推进企业微信工作会议的引导服务","其他","其他","2018年6月21日上午，集团推进企业微信工作会议的引导服务。<br>","","75.0","0","0","","","0","0","0","0","21","0","1529481499","0","21","0","15","0","0","0","[{""money_id"":""0"",""money_from"":""7"",""money_sum"":""""}]","","0","0","0","0","0","0","0","0","0","0","0","0","0","0","0","0","0","0","0","0","0","0","0","0"
"1635120","清扫街道","6865791","","1527868800","1527868800","1527868800","1527868800","0","","","1","","1","","8997","9656","9844","9845","广平县锦泰路","114.955209","36.461921","ww3xrvey4d8w","2018年6月2日下午2点至5点。","集中乘车,提供饮水,志愿服务工具","其他","2018年6月2日下午，广平县财政局组织志愿者到锦泰路打扫卫生。","","132.0","0","2","6865791","","0","0","0","0","21","0","1529481506","0","3","0","44","0","0","0","[{""money_id"":""0"",""money_from"":"""",""money_sum"":""""}]","","0","0","0","0","0","0","0","0","0","0","0","0","0","0","0","0","0","0","0","0","0","0","0","0"
"1635121","关爱残障人士","5656337","","1526832000","1531152000","1526918400","1531065600","0","","","1","","0","","8151","8163","8164","8167","钟山区S212(汪水路)","104.86222","26.614284","wkdx6hyr6y4k","2018-5-22","提供饮水","残障人士","垭口居委开展“关爱残障人士”志愿者活动","","160.0","0","1","","","0","0","0","0","21","0","1529481509","0","6","0","20","0","0","0","[{""money_id"":""0"",""money_from"":"""",""money_sum"":""""}]","","0","0","0","0","0","0","0","0","0","0","0","0","0","0","0","0","0","0","0","0","0","0","0","0"
"1635122","大武口区青山街道胜利社区开展 全国爱眼日宣传活动","89633034","","1529424000","1530288000","1529424000","1530288000","0","","","1","","1","","8855","8863","8864","0","胜利社区","114.49303272898","36.601190197616","ww92jr533h2uj29515w3","2018年6月27日上午8:00-12:00下午14:30-18:30","志愿者服装,志愿服务工具","其他","<p><span style=""font-size:16.0000pt""><span style=""font-family:仿宋_GB2312""><font face=""仿宋_GB2312"">为进一步提高社区居民的眼部健康水平，促进居民养成良好的爱眼护眼习惯</font></span></span></p>","","160.0","0","0","","","0","0","0","0","20","10","1529481530","0","32","0","34","0","0","0","[{""money_id"":""0"",""money_from"":"""",""money_sum"":""""}]","","0","0","0","0","0","0","0","0","0","0","0","0","0","0","0","0","0","0","0","0","0","0","0","0"
"1635125","春节走访慰问道德模范和福建好人","15824693","","1517414400","1530288000","1517414400","1530288000","0","","","1","","1","","6846","6900","6907","18161","东山县","117.43185","23.702825","ws5wb4zqbqvf","2018年2月9号","志愿服务证书","其他","春节走访慰问道德模范和福建好人","","64.0","0","2","15824693","","0","0","0","0","20","10","1529481552","0","18","0","16","0","0","0","[{""money_id"":""0"",""money_from"":""7"",""money_sum"":""""}]","","0","0","0","0","0","0","0","0","0","0","0","0","0","0","0","0","0","0","0","0","0","0","0","0"
"1635126","义务献血活动","25754442","","1529856000","1532793600","1529856000","1530201600","1","","","1","","1","","6048","6159","6160","0","阿拉善左旗献血站","105.03824684198","39.547806401013","wr48ypqw8t3w6d8yx5jm","2018年6月25日至2018年6月29日之间","其他","特困群体,其他","开展义务献血志愿服务活动","","14.0","0","0","","","0","0","0","0","21","10","1529660424","0","12","0","14","0","0","0","[{""money_id"":""1"",""money_from"":""6"",""money_sum"":""""}]","","0","0","0","0","0","0","0","0","0","0","0","0","0","0","0","0","0","0","0","0","0","0","0","0"
"1635644","全域无垃圾","37567789","","1521388800","1521388800","1521388800","1521388800","0","","","1","","1","","8702","8716","8717","0","白银市白银区五星街社区","104.181285","36.543373","wq6pfsw2xfkx","2018年3月19日上午9:00-11:00","志愿者服装,志愿服务工具","其他","为树立“创新、协调、绿色、开放、共享”的发展理念，充分结合脱贫攻坚战略部署，以全面建成小康社会、建设美丽社区为目标，以治理辖区脏、乱、差为重点，统筹规划，完善机制，强化措施，深入开展全域无垃圾工作，着力改善辖区面貌，提升居民生活质量，创建干净、整洁、绿化、美化宜居的生活环境。<br>","","180.0","0","0","","","0","0","0","0","21","0","1529486386","0","9","0","60","0","0","0","[{""money_id"":""0"",""money_from"":"""",""money_sum"":""""}]","","0","0","0","0","0","0","0","0","0","0","0","0","0","0","0","0","0","0","0","0","0","0","0","0"
"1635127","卫生创建志愿服务","31250481","","1529510400","1529510400","1529510400","1529510400","0","","","1","","1","","7209","7300","7303","0","卫生责任区","117.33742565996","38.381091298261","wwg6q54d01yp8kbjxg8u","2018-6-21上午8：00-11：30下3:00-6:30","集中乘车,提供饮水,志愿者服装,志愿服务工具","广大市民群众","组织办公室志愿者到卫生责任区打扫卫生，清理垃圾，保持卫生责任区内卫生整洁。","","105.0","0","2","31250481","","0","0","0","0","20","10","1529481565","0","21","0","15","0","0","0","[{""money_id"":""0"",""money_from"":"""",""money_sum"":""""}]","","0","0","0","0","0","0","0","0","0","0","0","0","0","0","0","0","0","0","0","0","0","0","0","0"
"1635128","邕宁区卫生与健康大会会务志愿服务","74214538","","1529424000","1532880000","1529424000","1530288000","1","","","1","","0","","7782","7783","7789","0","南宁市邕宁区人民医院","108.50269599706","22.758813511874","wkj1mp178n64er9bdp24","2018-6-20上午7:00--12:00","志愿者服装","其他","2018年6月20日上午举行邕区人民医院揭牌仪式、在城区人民医院第一会议室（四楼）召开邕宁区卫生与健康大会并举办健康知识讲座，城区四家班子领导及其他处级领导、各乡（镇）党政主要领导，城区党委和国家机关各部委办局、各人民团体、直属事业单位、驻城区有关单位主要领导、城区卫计局班子成员及局属各单位主要领导、城区人民医院班子成员、干部职工代表参加会议。<br>会议重要，与会人员众多，需要会务志愿者配合会议的会务各项工作开展。","","184.0","0","0","","","0","0","0","0","21","10","1529481569","0","25","0","46","0","0","0","[{""money_id"":""0"",""money_from"":"""",""money_sum"":""""}]","","0","0","0","0","0","0","0","0","0","0","0","0","0","0","0","0","0","0","0","0","0","0","0","0"
"1635129","“文明礼仪伴我行 人居环境大家创”道德讲堂活动","37257810","","1528732800","1528732800","1528732800","1528732800","0","","","1","","1","","8702","8716","8717","0","白银区银城巷","104.195249","36.558591","wq6pgp29jr2c","2018.6.12","提供饮水,志愿者服装,志愿服务工具","其他,儿童,青少年","2018年6月12日，建设路社区在辖区开展“文明礼仪伴人行，人居环境大家创”道德讲堂活动","","800.0","0","0","","","0","0","0","0","20","10","1529481586","0","9","0","200","0","0","0","[{""money_id"":""0"",""money_from"":"""",""money_sum"":""""}]","","0","0","0","0","0","0","0","0","0","0","0","0","0","0","0","0","0","0","0","0","0","0","0","0"
"1635130","组织志愿者到幼儿园进行安全教育宣传活动","92363292","","1526745600","1527436800","1526745600","1527350400","0","","","0","","0","","6724","6796","0","0","滁州市经开区","118.32457035098","32.317350595384","wtspue1q4qf3qj3gkvgk","2018年5月28日","志愿服务工具","儿童,其他","组织志愿者到辖区幼儿园给学生和家长进行安全教育宣传。","","100.0","0","5","","","0","0","0","0","21","0","1529481598","0","17","0","50","0","0","200","[{""money_id"":""0"",""money_from"":""7"",""money_sum"":""200""}]","","0","0","0","0","0","0","0","0","0","0","0","0","0","0","0","0","0","0","0","0","0","0","0","0"
"1635131","征兵宣讲","29130245","","1529337600","1532534400","1529337600","1529856000","1","","","1","","1","","5209","5328","5329","5343","美兰区经贸南路","110.526812","19.986253","w7w9en7hm7s7","2018年5月29日下午15:00-17:00。","其他","其他","一人参军，全家光荣。这一天部队军官下来我校讲征兵的好处，士兵的风采。<br>","","53.0","0","2","29130245","","0","0","0","0","20","10","1529481598","0","2","0","17","0","0","0","[{""money_id"":""0"",""money_from"":"""",""money_sum"":""0""}]","","0","0","0","0","0","0","0","0","0","0","0","0","0","0","0","0","0","0","0","0","0","0","0","0"
"1635135","开展质量强区节能环保安全生产宣传教育志愿活动","23211501","","1529337600","1529596800","1529337600","1529510400","0","","","0","","0","","6846","6861","6867","17697","翔安区文化中心活动广场","118.28080317925","24.675484915197","wskh7s13n7z308jjrbbk","2018年6月22日下午15:00-18:00","提供饮水","其他","现场发放政策法规宣传资料，并接受现场咨询。","","45.0","0","2","23211501","","0","0","0","0","20","10","1529481621","0","18","0","15","0","0","0","[{""money_id"":""0"",""money_from"":"""",""money_sum"":""""}]","","0","0","0","0","0","0","0","0","0","0","0","0","0","0","0","0","0","0","0","0","0","0","0","0"
"1635153","2018年食品安全宣传周","50238776","","1529510400","1529510400","1529510400","1529510400","0","","","1","","1","","7209","7276","7284","0","人民路人民广场","118.16401595206","39.838511184435","wxh48ukkjhsruvk0e80f","2018年6月21日上午8点30至12点","志愿者服装","其他","积极宣传食品营养健康教育，宣传健康饮食知识，传播科学食品安全理念，为人民群众提供科学有益的膳食引导。以生动丰富、通俗易懂、知识性强、普及面广的宣传教育，提升我县食品安全认知水平。","","0.0","0","1","","","0","0","0","0","20","10","1529542135","0","21","0","10","0","0","0","[{""money_id"":""1"",""money_from"":"""",""money_sum"":""""}]","","0","0","0","0","0","0","0","0","0","0","0","0","0","0","0","0","0","0","0","0","0","0","0","0"
"1635136","康乐社区志愿者开展慰问活动","74097914","","1529337600","1531929600","1529337600","1529337600","1","","","1","","1","","7209","7351","0","0","楚王城","114.10600874047","32.124764925553","wt9nu81kqdnzjhy8hff9","2018年6月19日","志愿者服装","特困群体","<p style=""margin: 0pt;""><span style=""font-size: 16pt;""><span style=""font-family: 宋体;""><font color=""#000000""><font face=""宋体"">在端午节来临之际，康乐社区志愿者看望慰问辖区特困人员方银吾和周金玉。为他们每人送上一袋大米和一桶油，周金玉表示：感谢各位领导多年以来生活上对我的帮助，过年过节都想着我，很感激你们，谢谢谢谢。</font></font></span></span></p><p style=""margin: 0pt;""></p><p style=""margin: 0pt;""><font color=""#000000""><span style=""font-size: 16pt;""><span style=""font-family: 宋体;""><font face=""宋体"">社区是基层，服务好居民，为居民谋福利是我们工作的宗旨和责任，今后康乐社区将继续做好本职工作，紧密联系群众，为创建</font></span></span><span style=""font-size: 16pt;""><span style=""font-family: 宋体;""><span style=""font-style: normal;""><font face=""宋体"">文明城市文明社区做</font></span></span></span></font></p><p style=""margin: 0pt;""></p><p style=""margin: 0pt;""><font color=""#000000""><span style=""font-size: 16pt;""><span style=""font-family: 宋体;""><font face=""宋体"">进一步的努力。</font></span></span></font></p><p style=""margin: 0pt;""><font color=""#000000""><span style=""font-size: 16pt;""><font face=""宋体""><span style=""font-size: 16pt;""><span style=""font-family: 宋体;""><font face=""宋体"">在端午节来临之际，康乐社区志愿者看望慰问辖区特困人员方银吾和周金玉。为他们每人送上一袋大米和一桶油，周金玉表示：感谢各位领导多年以来生活上对我的帮助，过年过节都想着我，很感激你们，谢谢谢谢。</font></span></span></font></span></font></p><p style=""margin: 0pt;""><font color=""#000000""><span style=""font-size: 16pt;""><font face=""宋体""><span style=""font-size: 16pt;""><span style=""font-family: 宋体;""><font face=""宋体"">社区是基层，服务好居民，为居民谋福利是我们工作的宗旨和责任，今后康乐社区将继续做好本职工作，紧密联系群众，为创建</font></span></span><span style=""font-size: 16pt;""><span style=""font-family: 宋体;""><span style=""font-style: normal;""><font face=""宋体"">文明城市文明社区做</font></span></span></span><span style=""font-size: 16pt;""><span style=""font-family: 宋体;""><font face=""宋体"">进一步的努力。</font></span></span></font></span></font></p><p style=""margin: 0pt;""></p><p style=""margin: 0pt;""></p><p style=""margin: 0pt;""></p><p style=""margin: 0pt;""></p>","","0.0","0","1","","","0","0","0","0","21","10","1529481633","0","21","0","0","0","0","0","[{""money_id"":""0"",""money_from"":"""",""money_sum"":""""}]","","0","0","0","0","0","0","0","0","0","0","0","0","0","0","0","0","0","0","0","0","0","0","0","0"
"1635137","美丽社区 文明先行","67035203","","1529424000","1529596800","1529424000","1529510400","0","","","1","","1","","6724","6788","6792","36921","歙县","118.446328","29.859382","wtk1z79zx2px","2018-06-21下午14：30-17:30","志愿者服装,志愿服务工具,其他","其他","志愿服务队到包保小区发放“创卫”宣传材料，清理生活垃圾，劝导住户撤走院内养狗棚，营造干净卫生的生活环境和积极向上的“双创”氛围","","15.0","0","2","67035203","","0","0","0","0","21","0","1529481638","0","17","0","5","0","0","0","[{""money_id"":""0"",""money_from"":"""",""money_sum"":""""}]","","0","0","0","0","0","0","0","0","0","0","0","0","0","0","0","0","0","0","0","0","0","0","0","0"
"1635138","福建省少年儿童图书馆文化志愿服务（7月3日上午）","49940048","http://s.zhiyuanyun.com/www.fjvs.org/opp/201803/13/5aa770b9a355d.jpg","1529424000","1530547200","1529424000","1530374400","0","","","1","","0","","6846","6847","0","0","鼓楼区福州市东街28号","119.308222","26.092719","wssu6yj95567","7月3日（周二）上午9：00 ~12:00。","其他,简单岗前培训、绶带","儿童,青少年,其他","福建省少年儿童图书馆文化志愿者服务，内容包括：图书整理、分类、上架，图书修补等相关服务，以及公共场所秩序的维持。工作人员将提供简单岗前培训。","","9.0","0","0","","","0","0","0","0","20","10","1529481639","0","18","0","5","0","0","0","[{""money_id"":""1"",""money_from"":"""",""money_sum"":""""}]","","0","0","0","0","0","0","0","0","0","0","0","0","0","0","0","0","0","0","0","0","0","0","0","0"
"1635139","敬老院送温暖","10682544","","1529510400","1530288000","1529596800","1529856000","0","","","1","","0","","8584","8644","8651","0","吴起敬老院","108.12948505986","36.985223505156","wqsfkscqx97ggmz0tzwn","2018年6月21日-2018年6月30日每天12:30-13：30进行送温暖活动","免费体检","老年人","2018年6月21日-2018年6月30日每天12:30-13：30，组织大家到敬老院送温暖帮助年迈老人做一些力所能及的事情，陪老人聊聊天，让老人有个愉快的心情。","","0.0","0","4","","","0","0","0","0","20","10","1529482370","0","30","0","0","0","0","0","[{""money_id"":""1"",""money_from"":"""",""money_sum"":""""}]","","0","0","0","0","0","0","0","0","0","0","0","0","0","0","0","0","0","0","0","0","0","0","0","0"
"1635140","交通安全志愿服务活动","89707145","","1529424000","1531152000","1529424000","1529424000","0","","","1","","1","","8584","8683","8692","0","旬阳县","109.387593","32.822901","wmvf9pjx78jp","2018年6月20日至2018年7月10日","志愿者保险,提供饮水,志愿服务工具","儿童,青少年,孤寡老人,其他","为进一步做好安全工作，倡导文明出行理念，我段以“安全生产月”为契机，结合行业实际，在城区组织开展交通安全志愿服务活动，全段志愿者积极参与，努力为交通安全贡献力量。","","660.0","0","0","","","0","0","0","0","20","10","1529481684","0","30","0","44","0","0","1000","[{""money_id"":""0"",""money_from"":""7"",""money_sum"":""1000""}]","","0","0","0","0","0","0","0","0","0","0","0","0","0","0","0","0","0","0","0","0","0","0","0","0"
"1636047","星星公益长宁分队探访活动","22444004","","1529424000","1533052800","1529424000","1533052800","0","","","1","","1","","7639","7723","7726","0","星星公益长宁分队办公室","115.65568532502","24.958093610163","ws6jzz3zkvce8c4jnwqm","2018年6月24日下午15：00-18:00","志愿者服装","特困群体,残障人士,孤寡老人","又一个月了、继续为长宁和罗浮山区8位贫困老人每月固定送温暖活动(名单省略）现需召集15名志愿者前往、希望有时间的志愿者踊跃报名参加.","","60.0","0","0","","","0","0","0","0","10","0","1529506198","0","24","4","20","0","0","0","[{""money_id"":""1"",""money_from"":"""",""money_sum"":""""}]","","0","0","0","0","0","0","0","0","0","0","0","0","0","0","0","0","0","0","0","0","0","0","0","0"
"1635141","福建省少年儿童图书馆文化志愿服务（7月3日下午）","49940048","http://s.zhiyuanyun.com/www.fjvs.org/opp/201803/13/5aa770b9a355d.jpg","1529424000","1530547200","1529424000","1530374400","0","","","1","","0","","6846","6847","0","0","鼓楼区福州市东街28号","119.308222","26.092719","wssu6yj95567","7月3日（周二）下午14：00 ~17:00。","其他,简单岗前培训、绶带","儿童,青少年,其他","福建省少年儿童图书馆文化志愿者服务，内容包括：图书整理、分类、上架，图书修补等相关服务，以及公共场所秩序的维持。工作人员将提供简单岗前培训。","","27.0","0","0","","","0","0","0","0","20","10","1529481695","0","18","0","9","0","0","0","[{""money_id"":""1"",""money_from"":"""",""money_sum"":""""}]","","0","0","0","0","0","0","0","0","0","0","0","0","0","0","0","0","0","0","0","0","0","0","0","0"
"1635142","学雷锋志愿服务活动","49236440","","1527782400","1530288000","1527782400","1530288000","0","","","1","","0","","7209","7233","7242","20182","栾川县","111.700135","33.778572","wqp2jv1w3y1q","6月1日，六一儿童节期间，组织开展关爱留守儿童、帮扶困难儿童志愿服务活动","集中乘车,志愿者服装,志愿服务工具","其他","<span style=""font-size: 26px;""><span style=""background: white;""><span style=""color: black;""><span style=""font-family: 方正小标宋简体;""><font face=""宋体"">庆“六一”献爱心 关爱儿童成长”志愿者活动，</font></span></span></span><span style=""font-family: 仿宋_GB2312;""><font color=""#000000""><font face=""宋体"">为孩子们发放书籍、彩笔、铅笔、作业本等学习用品。</font></font></span></span><span style=""font-size: 22pt;""><span style=""background: white;""><span style=""color: black;""><span style=""font-family: 方正小标宋简体;""><font face=""宋体""></font></span></span></span></span>","","0.0","0","0","","","0","0","0","0","20","10","1529481697","0","21","0","0","0","0","0","[{""money_id"":""0"",""money_from"":"""",""money_sum"":""""}]","","0","0","0","0","0","0","0","0","0","0","0","0","0","0","0","0","0","0","0","0","0","0","0","0"
"1635143","文明交通","50291953","","1497888000","1497888000","1497888000","1497888000","0","","","1","","1","","7209","7327","7331","0","方城县凤瑞路口","113.01682220295","33.29995432977","wtbm7y066c6t405qx5c","2017年6月20日","志愿者服装","其他","开展文明交通宣传，宣传道路交通法律法规及安全知识。<br>","","60.0","0","2","50291953","","0","0","0","0","20","10","1529481707","0","21","0","20","0","0","0","[{""money_id"":""0"",""money_from"":"""",""money_sum"":""""}]","","0","0","0","0","0","0","0","0","0","0","0","0","0","0","0","0","0","0","0","0","0","0","0","0"
"1635144","妇联组织区域化示范点建设项目启动仪式","9015608","","1529337600","1531929600","1529337600","1529337600","1","","","1","","1","","7639","7723","7726","0","罗阳街道观背村","114.27870174455","23.169681556806","ws17b3zjnv8nhfckbb52","2018年6月19日上午8:00-12:00","提供饮水","其他","2018年6月19日上午8:00-12:00在观背村参加了罗阳街道妇联组织区域化示范点建设项目启动仪式。<br>","","32.0","0","1","","","0","0","0","0","20","10","1529481719","0","24","0","8","0","0","0","[{""money_id"":""0"",""money_from"":""2"",""money_sum"":""u53bfu653fu5e9c""}]","","0","0","0","0","0","0","0","0","0","0","0","0","0","0","0","0","0","0","0","0","0","0","0","0"
"1635145","清洁家园","52982250","","1529424000","1529510400","1529424000","1529424000","0","","","1","","1","","7209","7260","7269","0","西营街","113.12060815991","36.199254228141","ww2myjggvnnfxd0n66zg","2018年6月20号下午4点至8点","志愿者服装,志愿服务工具","其他","清理街道垃圾","","0.0","0","0","","","0","0","0","0","20","10","1529481725","0","21","0","0","0","0","0","[{""money_id"":""0"",""money_from"":"""",""money_sum"":""""}]","","0","0","0","0","0","0","0","0","0","0","0","0","0","0","0","0","0","0","0","0","0","0","0","0"
"1635146","2018年新年活动","91069285","","1517587200","1518192000","1517587200","1518192000","0","","","1","","1","","6278","6312","6315","0","通化县敬老院","126.14071994583","42.067897670665","wz3xq6hz7b9brfhdv4pu","2018年2月8日上午9：00――11：00","提供饮水","孤寡老人","&nbsp; &nbsp; 岁末寒冬，春节临近，为进一步弘扬中华民族的传统美德，带着新春的祝福，带着对敬老院五保老人和残疾老人的关切之情，2月8日上午装备办全体同志来到了通化县东安社区敬老院，在敬老院开展“干干净净迎新年”主题活动。装备办的全体老师在活动中不怕脏，不怕累，对敬老院的老人个人卫生，环境卫生进行了整理，希望老人们可以有个干净舒适的环境，开开心心过春节。","","8.0","0","2","91069285","","0","0","0","0","20","10","1529541938","0","8","0","4","0","0","0","[{""money_id"":""1"",""money_from"":"""",""money_sum"":""""}]","","0","0","0","0","0","0","0","0","0","0","0","0","0","0","0","0","0","0","0","0","0","0","0","0"
"1635147","2018年食品安全宣传周志愿服务活动","51220385","","1529424000","1529510400","1529424000","1529424000","0","","","1","","1","","7209","7276","7284","0","延津县城人民路广场","114.23135664543","35.279607523872","ww30xqkwxe9069r5dxk3","2018年6月21日上午8：30至11：00","集中乘车,提供饮水,志愿者服装,志愿服务工具","儿童,青少年,其他","2018年食品安全宣传周志愿服务活动：宣传食品安全重要性，设立展板、发放宣传资料，接受市民咨询。","","0.0","0","0","","","0","0","0","0","20","10","1529481731","0","21","0","4","0","0","0","[{""money_id"":""0"",""money_from"":"""",""money_sum"":""""}]","","0","0","0","0","0","0","0","0","0","0","0","0","0","0","0","0","0","0","0","0","0","0","0","0"
"1635148","街道清扫行动","94490173","","1529424000","1529596800","1529424000","1529510400","0","","","0","","0","","8356","8382","8383","0","玉兴路、东风中路","102.55095004277","24.364600175643","wk2fte7q46dtm1sch479","2018年6月22日早上9:00","志愿者服装,志愿服务工具","其他","<p><span style=""line-height:30.0000pt""><span style=""font-size:16.0000pt""><span style=""font-family:仿宋"">为提高居民环境卫生质量，营造一个清洁、有序、优美的生活环境，玉溪市国家保密局志愿服务队于2018年6月22日早上9:00在玉兴路、东风中路进行</span></span><span style=""font-size:16pt""><span style=""font-family:仿宋"">清理垃圾活动，唤起广大群众爱护环境意识。</span></span></span></p>","","20.0","0","4","","","0","0","0","0","20","10","1529481747","0","28","0","10","0","0","0","[{""money_id"":""0"",""money_from"":""7"",""money_sum"":""0""}]","","0","0","0","0","0","0","0","0","0","0","0","0","0","0","0","0","0","0","0","0","0","0","0","0"
"1635149","开展“幸福邻里・粽情端午”志愿服务活动","22870456","","1529251200","1531843200","1529251200","1529251200","1","","","1","","1","","7053","7144","7148","0","乳山市胜利街134","121.530436","36.923089","www6j3xu86tj","2018-6-18上午8:00-12:00","志愿者服装,志愿服务工具","儿童,青少年,孤寡老人,其他","2018-6-18上午8:00-12:00在华冠小区为乡里邻居志愿打扫卫生，陪孤寡老人聊天，增进感情<br>","","20.0","0","2","22870456","","0","0","0","0","20","10","1529481749","0","20","0","5","0","0","0","[{""money_id"":""0"",""money_from"":"""",""money_sum"":""""}]","","0","0","0","0","0","0","0","0","0","0","0","0","0","0","0","0","0","0","0","0","0","0","0","0"
"1635150","戏曲老少对","13186890","","1527782400","1530288000","1527782400","1530288000","0","","","0","","0","","6490","6493","23761","0","武夷路311弄15号","121.43094862943","31.220423979026","wtw3e5x24hvgqbv2qmmx","6月26日星期二下午，文体团队戏曲班老师教授青少年学习唱沪剧","提供饮水,其他","青少年、老人","作为传统文化的戏曲，应当给予充分的机会和平台进行展示，文体团队戏曲班老师教授青少年学习唱沪剧<br>","","0.0","0","2","13186890","","0","0","0","0","20","10","1529481752","0","14","0","0","0","0","0","[{""money_id"":""0"",""money_from"":"""",""money_sum"":""""}]","","0","0","0","0","0","0","0","0","0","0","0","0","0","0","0","0","0","0","0","0","0","0","0","0"
"1635152","福建省少年儿童图书馆文化志愿服务（7月4日上午）","49940048","http://s.zhiyuanyun.com/www.fjvs.org/opp/201803/13/5aa770b9a355d.jpg","1529424000","1530633600","1529424000","1530460800","0","","","1","","0","","6846","6847","0","0","鼓楼区福州市东街28号","119.308222","26.092719","wssu6yj95567","7月4日（周三）上午9：00 ~12:00。","其他,简单岗前培训、绶带","儿童,青少年,其他","福建省少年儿童图书馆文化志愿者服务，内容包括：图书整理、分类、上架，图书修补等相关服务，以及公共场所秩序的维持。工作人员将提供简单岗前培训。","","30.0","0","0","","","0","0","0","0","20","10","1529481761","0","18","0","10","0","0","0","[{""money_id"":""1"",""money_from"":"""",""money_sum"":""""}]","","0","0","0","0","0","0","0","0","0","0","0","0","0","0","0","0","0","0","0","0","0","0","0","0"
"1637346","“关爱残疾人”志愿服务活动","25635757","http://s.zhiyuanyun.com/he.chinavolunteer.cn/opp/201806/21/5b2b123b1ad8b.JPG","1527955200","1528041600","1527955200","1528041600","0","","","1","","0","","8997","9298","9314","9325","鹭港小区106楼","118.14156359994","39.648632977343","wxh183u41bysqck2yqrr","关爱残疾人不定时开展志愿活动","其他","残障人士","&nbsp; &nbsp; 为发扬我国助残扶残的光荣传统，在社区营造助残扶残的良好氛围，6月4日上午，鹭港三社区开展了“关爱残疾人”志愿服务活动。<br>&nbsp; &nbsp; &nbsp;社区志愿者来到社区残疾人王臻家中为他们打扫房间。经过志愿者们认认真真地打扫，王臻家中干干净净、焕然一新。同时鼓励残疾人及其家人树立起坚定的生活信心，战胜困难，相信在党和政府的重视和关怀下，残疾人等弱势群体的生活会越来越好。残疾人王臻的妈妈激动地说：“非常感社区志愿者对我们的关怀和照顾，我们心里感到特别温暖！”<br>&nbsp; &nbsp; &nbsp;此次志愿服务活动，使社区志愿者和残疾人之间的关系得到了进一步巩固，今后我们要再接再厉，多多关心身边的残疾人群体，努力提高残疾人的幸福感和满意度，争取把社区残疾人工作推向新台阶。","","0.0","0","0","","","0","0","0","0","20","10","1529549851","0","3","0","0","0","0","0","[{""money_id"":""0"",""money_from"":"""",""money_sum"":""""}]","","0","0","0","0","0","0","0","0","0","0","0","0","0","0","0","0","0","0","0","0","0","0","0","0"
"1635154","培训贫困儿童乒乓球","94477392","","1528214400","1530288000","1528300800","1529337600","0","","","1","","1","","7946","8080","8084","0","凉山村","120.90306530918","28.65870885155","wtjgp1nvjde9k3btphx","一个月","专项培训,其他","凉山村儿童,儿童","为十二个小朋友做为期一个月的乒乓球培训还每人送一支球拍一盒乒乓球","","0.0","0","0","","","0","0","0","0","20","10","1529481803","0","27","0","0","0","0","1000","[{""money_id"":""0"",""money_from"":""6"",""money_sum"":""1000""}]","","0","0","0","0","0","0","0","0","0","0","0","0","0","0","0","0","0","0","0","0","0","0","0","0"
"1635155","2018食品安全宣传周志愿服务活动","51220123","","1529424000","1529510400","1529424000","1529510400","0","","","0","","0","","7209","7276","7284","0","延津县人民广场","114.20507175481","35.157683751051","ww30nb387538sv19uqw8","2018年6月21日8:30-2018年6月21日11:00","志愿者服装,志愿服务工具","其他","为广大市民宣传食品安全的重要性，提升人民群众对食品的安全意识","","10.0","0","2","51220123","","0","0","0","0","20","10","1529481816","0","21","0","4","0","0","0","[{""money_id"":""0"",""money_from"":"""",""money_sum"":""""}]","","0","0","0","0","0","0","0","0","0","0","0","0","0","0","0","0","0","0","0","0","0","0","0","0"
"1635156","到陈城村、港口村开展走访慰问志愿活动","15824693","","1517414400","1530288000","1517414400","1530288000","0","","","1","","1","","6846","6900","6907","18161","东山县","117.438893","23.706001","ws5wb7s3kwcs","2018年2月8号","志愿服务证书","其他","到陈城村、港口村开展走访慰问志愿活动","","64.0","0","2","15824693","","0","0","0","0","20","10","1529481817","0","18","0","16","0","0","0","[{""money_id"":""0"",""money_from"":""7"",""money_sum"":""""}]","","0","0","0","0","0","0","0","0","0","0","0","0","0","0","0","0","0","0","0","0","0","0","0","0"
"1635157","福建省少年儿童图书馆文化志愿服务（7月4日下午）","49940048","http://s.zhiyuanyun.com/www.fjvs.org/opp/201803/13/5aa770b9a355d.jpg","1529424000","1530633600","1529424000","1530460800","0","","","1","","0","","6846","6847","0","0","鼓楼区福州市东街28号","119.308222","26.092719","wssu6yj95567","7月4日（周三）下午14：00 ~17:00。","其他,简单岗前培训、绶带","儿童,青少年,其他","福建省少年儿童图书馆文化志愿者服务，内容包括：图书整理、分类、上架，图书修补等相关服务，以及公共场所秩序的维持。工作人员将提供简单岗前培训。","","48.0","0","0","","","0","0","0","0","20","10","1529481824","0","18","0","16","0","0","0","[{""money_id"":""1"",""money_from"":"""",""money_sum"":""""}]","","0","0","0","0","0","0","0","0","0","0","0","0","0","0","0","0","0","0","0","0","0","0","0","0"
"1635158","文明交通值勤","52867662","","1529424000","1530288000","1529424000","1530288000","0","","","1","","1","","7209","7260","7269","0","林州市","113.875586","36.059462","ww2vpk3tt6zm","2018年6月21日，6月22日，6月23日，6月24日（每天上午7：40分--9：00分，下午17：00--18：10分）","志愿者服装,专项培训","儿童,青少年,孤寡老人,残障人士,优抚对象,特困群体,其他","上班，下班高峰期在人员流动性大的十字路口，负责安全交通文明值勤。","","26.0","0","0","","","0","0","0","0","20","10","1529482556","0","21","0","34","0","0","0","[{""money_id"":""1"",""money_from"":"""",""money_sum"":""""}]","","0","0","0","0","0","0","0","0","0","0","0","0","0","0","0","0","0","0","0","0","0","0","0","0"
"1635159","红塔区教育局绿色环保志愿服务","52587042","","1519833600","1551369600","1519920000","1551283200","0","","","1","","1","","8356","8382","8383","0","红塔区主城区","102.49989459797","24.369853985289","wk2fskqhswhcqzc1n38b","2018年３月起不定期开展绿色环保志愿服务。","提供饮水,志愿者服装,专项培训","儿童,青少年,其他","　　响应习总书记绿水青山就是金山银山，红塔区教育局201８年３月起组织各中小学校小手拉大手、创文创卫一起走、创建各级文明校园等绿色环保志愿服务活动。","","104.0","0","0","","","0","0","0","0","21","0","1529486735","0","28","47","62","0","0","0","[{""money_id"":""1"",""money_from"":"""",""money_sum"":""""}]","","0","0","0","0","0","0","0","0","0","0","0","0","0","0","0","0","0","0","0","0","0","0","0","0"
"1635160","交通志愿服务","26883573","","1529510400","1529596800","1529510400","1529596800","0","","","1","","1","","7209","7300","35413","0","人大门口","116.345846906","40.464276739905","wx4wpw23qxzkce6cwbr2","2018.06.22上午7:30-8:30","志愿者服装,志愿服务工具","其他","人大门口，交通志愿服务<br>","","0.0","0","2","26883573","","0","0","0","0","20","10","1529481857","0","21","0","10","0","0","0","[{""money_id"":""0"",""money_from"":"""",""money_sum"":""""}]","","0","0","0","0","0","0","0","0","0","0","0","0","0","0","0","0","0","0","0","0","0","0","0","0"
"1635161","红袖章巡逻","13187442","","1514736000","1546185600","1514736000","1546185600","0","","","1","","1","","6490","6500","23838","0","宝山区共和新路4719弄-116号","121.45583","31.326534","wtw65yc6mcny","每天上午9:00--11:00  下午13:00--15:00","提供饮水,志愿者服装","其他","小区平安志愿者巡逻.","","0.0","0","1","","","0","0","0","0","10","0","1529481864","0","14","0","0","0","0","0","[{""money_id"":""1"",""money_from"":"""",""money_sum"":""""}]","","0","0","0","0","0","0","0","0","0","0","0","0","0","0","0","0","0","0","0","0","0","0","0","0"
"1635181","清洁家园","6917762","","1529424000","1529596800","1529510400","1529510400","0","","","1","","0","","6846","6887","6894","17991","永春县横口新街","117.90709","25.397941","wseb7p93dr6e","早上9点到10点","提供饮水","其他","<p align=""center"" style=""text-align:center""><br></p><p align=""center"" style=""text-align:center""><span style=""text-autospace:ideograph-numeric""><span style=""line-height:25.0000pt""><b><span style=""font-size:22.0000pt""><span style=""font-family:宋体""><span style=""font-weight:bold""><font face=""宋体"">关于横口乡</font></span></span></span></b><b><span style=""font-size:22.0000pt""><span style=""font-family:宋体""><span style=""font-weight:bold"">2018年“我们的节日</span></span></span></b></span></span></p><p align=""center"" style=""text-align:center""><span style=""text-autospace:ideograph-numeric""><span style=""line-height:25.0000pt""><b><span style=""font-size:22.0000pt""><span style=""font-family:宋体""><span style=""font-weight:bold""><font face=""宋体"">端午清洁家园</font>”主题活动的通知</span></span></span></b></span></span></p><p><br></p><p><span style=""text-autospace:ideograph-numeric""><span style=""line-height:25.0000pt""><span style=""font-size:16.0000pt""><span style=""font-family:仿宋_GB2312""><font face=""仿宋_GB2312"">各</font></span></span><span style=""font-size:16.0000pt""><span style=""font-family:仿宋_GB2312""><font face=""仿宋_GB2312"">党支部</font></span></span><span style=""font-size:16.0000pt""><span style=""font-family:仿宋_GB2312""><font face=""仿宋_GB2312"">：</font></span></span></span></span></p><p><span style=""text-autospace:ideograph-numeric""><span style=""line-height:25.0000pt""><span style=""font-size:16.0000pt""><span style=""font-family:仿宋_GB2312""><font face=""仿宋_GB2312"">为全面贯彻落实</font></span></span><span style=""font-size:16.0000pt""><span style=""font-family:仿宋_GB2312""><font face=""仿宋_GB2312"">县委</font></span></span><span style=""font-size:16.0000pt""><span style=""font-family:仿宋_GB2312""><font face=""仿宋_GB2312"">文明办工作部署，弘扬中华民族传统美德，构建文明、和谐、幸福的节日氛围，</font></span></span><span style=""font-size:16.0000pt""><span style=""font-family:仿宋_GB2312""><font face=""仿宋_GB2312"">我乡</font></span></span><span style=""font-size:16.0000pt""><span style=""font-family:仿宋_GB2312""><font face=""仿宋_GB2312"">决定在</font></span></span><span style=""font-size:16.0000pt""><span style=""font-family:仿宋_GB2312""><font face=""仿宋_GB2312"">全乡</font></span></span><span style=""font-size:16.0000pt""><span style=""font-family:仿宋_GB2312""><font face=""仿宋_GB2312"">开展</font>“我们的节日・端午</span></span><span style=""font-size:16.0000pt""><span style=""font-family:仿宋_GB2312""><font face=""仿宋_GB2312"">清洁家园</font></span></span><span style=""font-size:16.0000pt""><span style=""font-family:仿宋_GB2312"">”主题活动，现将有关事项通知如下：</span></span></span></span></p><p><span style=""text-autospace:ideograph-numeric""><span style=""line-height:25.0000pt""><span style=""font-size:16.0000pt""><span style=""font-family:仿宋_GB2312""><font face=""仿宋_GB2312"">一、活动目的</font></span></span></span></span></p><p><span style=""text-autospace:ideograph-numeric""><span style=""line-height:25.0000pt""><span style=""font-size:16.0000pt""><span style=""font-family:仿宋_GB2312""><font face=""仿宋_GB2312"">以培育和践行社会主义核心价值观为根本，以</font></span></span><span style=""font-size:16.0000pt""><span style=""font-family:仿宋_GB2312""><font face=""仿宋_GB2312"">突出</font>“爱国卫生”</span></span><span style=""font-size:16.0000pt""><span style=""font-family:仿宋_GB2312""><font face=""仿宋_GB2312"">为目的，通过组织开展</font></span></span><span style=""font-size:16.0000pt""><span style=""font-family:仿宋_GB2312""><font face=""仿宋_GB2312"">清洁家园行动</font></span></span><span style=""font-size:16.0000pt""><span style=""font-family:仿宋_GB2312""><font face=""仿宋_GB2312"">，</font></span></span><span style=""font-size:16.0000pt""><span style=""font-family:仿宋_GB2312""><font face=""仿宋_GB2312"">增强人们的生态环保意识</font></span></span><span style=""font-size:16.0000pt""><span style=""font-family:仿宋_GB2312""><font face=""仿宋_GB2312"">。</font></span></span></span></span></p><p><span style=""text-autospace:ideograph-numeric""><span style=""line-height:25.0000pt""><span style=""font-size:16.0000pt""><span style=""font-family:仿宋_GB2312""><font face=""仿宋_GB2312"">二、活动主题</font></span></span></span></span></p><p><span style=""text-autospace:ideograph-numeric""><span style=""line-height:25.0000pt""><span style=""font-size:16.0000pt""><span style=""font-family:仿宋_GB2312""><font face=""仿宋_GB2312"">清洁家园</font></span></span></span></span></p><p><span style=""text-autospace:ideograph-numeric""><span style=""line-height:25.0000pt""><span style=""font-size:16.0000pt""><span style=""font-family:仿宋_GB2312""><font face=""仿宋_GB2312"">三、活动内容</font></span></span></span></span></p><p><span style=""text-autospace:ideograph-numeric""><span style=""line-height:25.0000pt""><span style=""font-size:16.0000pt""><span style=""font-family:仿宋_GB2312""><font face=""仿宋_GB2312"">各</font></span></span><span style=""font-size:16.0000pt""><span style=""font-family:仿宋_GB2312""><font face=""仿宋_GB2312"">村</font></span></span><span style=""font-size:16.0000pt""><span style=""font-family:仿宋_GB2312""><font face=""仿宋_GB2312"">要深入开展环境卫生整治工作，加大环境卫生整治力度，以公共服务场所、餐饮场所等为重点，开展</font>“清洁家园”活动，为广大群众营造一个文明、干净、有序的节日环境，树立</span></span><span style=""font-size:16.0000pt""><span style=""font-family:仿宋_GB2312""><font face=""仿宋_GB2312"">横口</font></span></span><span style=""font-size:16.0000pt""><span style=""font-family:仿宋_GB2312""><font face=""仿宋_GB2312"">健康良好形象。</font></span></span></span></span></p><p><span style=""text-autospace:ideograph-numeric""><span style=""line-height:25.0000pt""><span style=""font-size:16.0000pt""><span style=""font-family:仿宋_GB2312""><font face=""仿宋_GB2312"">四、活动要求</font></span></span></span></span></p><p><span style=""text-autospace:ideograph-numeric""><span style=""line-height:25.0000pt""><span style=""font-size:16.0000pt""><span style=""font-family:仿宋_GB2312"">1.注重组织宣传。各</span></span><span style=""font-size:16.0000pt""><span style=""font-family:仿宋_GB2312""><font face=""仿宋_GB2312"">村</font></span></span><span style=""font-size:16.0000pt""><span style=""font-family:仿宋_GB2312""><font face=""仿宋_GB2312"">要把</font>“我们的节日・端午</span></span><span style=""font-size:16.0000pt""><span style=""font-family:仿宋_GB2312""><font face=""仿宋_GB2312"">清洁家园</font></span></span><span style=""font-size:16.0000pt""><span style=""font-family:仿宋_GB2312"">”主题活动作为精神文明建设的重要载体，精心组织实施，寓传统文化于端午节中，精心设计活动项目，积极创新活动载体，实现现代文明和传统文明的和谐统一</span></span><span style=""font-size:16.0000pt""><spa","","0.0","0","0","","","0","0","0","0","40","0","1529482073","0","18","0","0","0","0","0","[{""money_id"":""0"",""money_from"":"""",""money_sum"":""""}]","","0","0","0","0","0","0","0","0","0","0","0","0","0","0","0","0","0","0","0","0","0","0","0","0"
"1635162","人人学雷锋共建文明城志愿服务活动（补录时长）","54148389","","1521561600","1521734400","1521561600","1521648000","0","","","1","","0","","8356","8382","8383","0","玉溪市红塔区东风路与玉兴路交叉口红绿灯处","102.55563421104","24.366188604755","wk2ftewxr6z2tu8q5js1","2018年3月23日上午10：40-12：40","专项培训","其他","<p><span style=""font-family:楷体_GB2312;"">一、活动主题</span></p><p><span style=""font-family:楷体_GB2312;"">人人学雷锋共建文明城</span></p><p><span style=""font-family:楷体_GB2312;"">二、活动目标</span></p><p><span style=""font-family:楷体_GB2312;"">通过在重要交通路口、路段、重要公共交通站点发放温馨提示卡，普及交通法规知识，劝导行人遵守信号灯，不闯红灯，不乱穿马路，不跨越护栏，劝导驾乘摩托车带头盔；党员志愿服务队自觉做好文明交通示范者，发挥先锋模范作用，带动市民交通文明，推进全市文明交通建设。</span></p><p><span style=""font-family:楷体_GB2312;"">三、活动方式</span></p><p><span style=""font-family:楷体_GB2312;"">开展文明交通志愿服务活动。在重要公共交通站点、路段，通过组织党员志愿者队伍向市民发放交通温馨提示卡和宣传资料，普及交通法规知识，组织开展交通秩序维护活动，推进玉溪市文明交通建设。此项活动协调玉溪交警支队现场指导。</span></p><p><span style=""font-family:楷体_GB2312;"">四、活动安排</span></p><p><span style=""font-family:楷体_GB2312;""><span lang=""EN-US"">1</span>．时间：2018年3月23日上午10：40-12：40。</span></p><p><span style=""font-family:楷体_GB2312;""><span lang=""EN-US"">2</span>．地点：共有3个点，即玉溪市红塔区东风路与玉兴路交叉口红绿灯处、东风路与聂耳路交叉口红绿灯处、棋阳路与玉兴路交叉口红绿灯处。</span></p><p><br></p>","","40.0","0","2","54148389","","0","0","0","0","21","0","1529481877","0","28","0","25","0","0","0","[{""money_id"":""0"",""money_from"":"""",""money_sum"":""""}]","","0","0","0","0","0","0","0","0","0","0","0","0","0","0","0","0","0","0","0","0","0","0","0","0"
"1635163","周五卫生大扫除","31250481","","1529596800","1529596800","1529596800","1529596800","0","","","1","","1","","7209","7300","7303","0","卫生责任区","117.33742565996","38.381091298261","wwg6q54d01yp8kbjxg8u","2018-6-22上午8：00-12：00下午3：00-6：00","集中乘车,提供饮水,志愿者服装,志愿服务工具","广大市民群众","组织办公室志愿者到卫生责任区打扫卫生、捡拾白色垃圾，净化空气，美化环境。","","133.0","0","2","31250481","","0","0","0","0","20","10","1529481878","0","21","0","19","0","0","0","[{""money_id"":""0"",""money_from"":"""",""money_sum"":""""}]","","0","0","0","0","0","0","0","0","0","0","0","0","0","0","0","0","0","0","0","0","0","0","0","0"